문서 번호,제목,질문,위치 고유번호,위치,조회수,질문 날짜
476725350,질문고척돔 주변 숙소추천해주세요,이번에 찰리푸스 내한을 가게됐는데 지방에 살아서 막차가 9시입니다ㅜ 그래서 숙박을 해야할거같아요 학생이라 돈도 많이 없어서 콘서트 비용만 해도 40가까이 되는데 저렴한 숙박시설이나 머무를수 있는곳 좀 알려주세요ㅜㅜㅜ 그리고 숙소 예약은 언제부터 해야할까요?,012103,서울특별시 구로구 고척동 , 6,2024.10.17
476725014,질문만약에 강남역에서 거지복장입고 구걸하면어떻게되나요?,혹시 경찰서로 끌려가나요? 궁금해서 물어봐요 법에 걸리나요?,0101,서울특별시 강남역 , 8,2024.10.17
476724692,질문서울 신림동 편의점 홍어,신림동에 있는 편의점 중에서 홍어를 파는 편의점이 있을까요? 예전에 편의점 홍어를 먹어봤는데 나름 괜찮더라구요. 인터넷에서 구매해서 먹기에는 양도 많고 가격도 좀 부담이고 그래서... 아시는 분 좀 알려주세요 ㅠㅠ,011903,서울특별시 관악구 신림동 , 8,2024.10.17
476724480,질문여의도 한강공원 주변,밤 산책으로 여의도 한강공원 가려고 하는데 그전에 주변?에서 놀고 싶은데 추천할 만한 곳이 있나요? 노량진 홍대 이런 곳들처럼요. 많이 알려진 곳들이요.,01,서울특별시 , 10,2024.10.17
476724043,질문경복궁 야간개장 입장 꼭 예약하고 가야하나요??,경복궁 야간개장 꼭 예약하고 가야하나요?? 만약 그러면 야간말고 해 떠있을때라도 가고싶은데 야간개장 아니면 그냥 현장에서 결제햐도 되나요??,01,서울특별시 , 16,2024.10.17
476722460,질문특성화고에서 일반고로 전학,지금 서울에 있는 특성화고에 다니고 있고 2학년으로 넘어가기 전에 전학을 갈 수 있나요? 가고싶은 일반고는 경기도에 있습니다. 가족 모두 경기도에 살고 있구요. 아마 겨울방학 끝나고 개학날이 25년 3월 3일인것 같은데 그 날부터 다닐수있는 방법은 없나요? 찾아보니 특성화고에서 일반고로 전학갈수 있는 기간이 3월 7일부터라는데 개학하고 중간에 가기에 너무 애매해서요ㅜㅜ 제발 알려주세요,01,서울특별시 , 17,2024.10.17
476721969,질문홍대 애슐리 주말에 사람 많나요...??,일요일에 애슐리 홍대점에 가려고 하는데요... 오후 3시 ~ 4시쯤 가도 사람이 많을까요??? 그리고 제가 혼밥을 할 생각인데 일요일 오후에 저처럼 혼밥 하는 사람은 없겠죠?? 다 가족이나 연인 일까요???ㅠㅠ 쫌 뻘쭘할 것 같아서요ㅠㅠ,0110,서울특별시 홍대입구 , 10,2024.10.17
476721281,질문서울역은 출구가 몆개인가요,,01,서울특별시 , 14,2024.10.17
476721242,질문신비아파트...,신비아파트 굿즈 어디서 팔아요? (사진 있음),01,서울특별시 , 11,2024.10.17
476721152,질문한강의 발원지는 어딘가요?...,한강의 발원지는 어딘가요? 궁금해서요.,013521,서울특별시 용산구 한강로 , 15,2024.10.17
476721148,질문서초 삼성타운 B동도 삼성 소유인가요?,,0101,서울특별시 강남역 , 15,2024.10.17
476719635,질문출근 가까운곳vs먼곳,30분 내외 거리 출퇴근 - 350받기 2시간 내외 거리 출퇴근 - 470 받기 어느 곳 다니냐 둘다 11시간정도 근무,01,서울특별시 , 11,2024.10.17
476719561,질문킹키부츠 밤공 끝나는 시간,끝나고 버스타서 경부고속으로 가야하는데 11시 버스 탈 수 있을까요?,0135,서울특별시 용산구 , 10,2024.10.17
476716189,질문서울 재개발 내 상가주택 분양권 문의,서울 재개발 지역내 3층 상가주택입니다. 재개발시 어떤 분양권을 받을 수 있을지 궁금합니다. 토지면적 128 주택근린생활시설 연면적 161 1층   근린생활시설(소매점) 65 2층   주택(2가구) 54 3층   주택(1가구) 42 옥탑  (연면적제외) 5 1. 아파트1 2. 아파트1 상가1 3. 아파트1+1 1은 최소 가능한 것으로 보이고 2 3번이 가능한지 궁금합니다.,01,서울특별시 , 13,2024.10.17
476715181,질문도와주세요,금요일날 현체를 가는데 현체 끝나고 제 친구들이랑 만나기로 했는데 제 3명의 친구중 저는 홍대 다른 친구는 어린이 대공원 또 한명은 건국대에 있어서 중간에서 만나기로 했는데 어디서 만나야 할지 모르겠네요 아시는분 도와주세요,01,서울특별시 , 20,2024.10.17
476714666,질문예비고3 부산에서 서울로 올라가서 공부,안녕하세요 부산에 살고 있는 고2 여학생입니다 제가 지금 다니는 학교에서 친구들이랑도 엄청 크게 싸워서 친구도 없는 것 같이 느껴지고 수시도 6점대여서 엄청 망했는데 좋은 대학을 가고 싶어합니다. 그래서 원래 제 계획은 자퇴를 하고 1년 혼자 학원을 다니면서 공부만 하려고 했습니다. 근데 요즘 드는 생각이 경기도에 이모네가 사는데 거기로 차라리 전학을 가서 거기서 살면서 공부할까라는 생각도 듭니다. 솔직히 경기도가 부산 저희 동네보단 훨씬 학구열도 높을 것 같고 솔직히 제가 이 동네에 너무 있기가 싫기도 해요… 자퇴를 한다고 해서 친구들을 안 마주치는 것도 아니고… 그런데 솔직히 이모네 가면 엄청 눈치도 보일테구… 정말 고민이 많아요ㅠ 해결책이 있을까요??ㅠㅠ 도와주세요ㅠㅠㅠ,01,서울특별시 , 15,2024.10.17
476714600,질문예술의전당 지하 인춘아트홀 대관료...,예술의전당 지하 인춘아트홀 대관료는 얼마인가영?? 홈페이지에 없어서요!,012904,서울특별시 서초구 서초동 , 11,2024.10.17
476714577,질문가산디지털단지역 포장마차 운영,가산디지털단지역 주변에 포장마차가 있다고하던데 아직운영하나요~? 위치는 어디쯤일까요???,012201,서울특별시 금천구 가산동 , 13,2024.10.17
476714282,질문내신만 보면 염광이 나아요 월계가 나아요?,공부 못하는 중 3인데 솔직히 거기서 거기겠지만 그나마 분위기 좋고 내신 잘 딸수있는데는 어디예요?,0123,서울특별시 노원구 , 13,2024.10.17
476713511,질문노원구 염광고 월계고 어디갈까요,진짜 너무 고민되는데요ㅠㅠ 염광이 월계보다 내신수준이 더 어렵나요? 중 3인데 염광보다 월계가 더 대학 잘보낸다그러고 제가 중 3인데 공부를 못해서 고민되요 ㅠ 염광이 월계보다 더 나은줄 알았는데 아닌가요? 공부 못해서 내신따려고 고등학교가면 염광이 나아요 ?월계가 나아요?,0123,서울특별시 노원구 , 13,2024.10.17
476704145,질문서울에서 규모가 큰 찜질방 추천,서울에서 규모가 큰 드래곤 힐스파 같은 곳 추천해주세요 (서울보다 규모가 큰 곳이 있다면 그곳 추천해 주세요),01,서울특별시 , 15,2024.10.17
476703801,질문대구한남미용정고보 수련원같은거 안가나요??,중3인데 학남 수련원이나 수학여행 안간다고 해서요ㅜㅜ 진짜 안가나요??,013522,서울특별시 용산구 한남동 , 12,2024.10.17
476703045,질문목동 학군지 순위,목동은 유명 학군지 안에서 몇 등 정도 하나요 1티어가 대치 쪽인 것은 압니다,013301,서울특별시 양천구 목동 , 11,2024.10.17
476702990,질문홍대입구 전시회 추천해주세요,이왕이면 사진 촬영 가능하면 좋지만 아니어도 괜찮습니다 친구랑 홍대 놀러가는데 홍대 주변에 괜찮은 전시나 미술관 있을까요? 가까운 것들 위주로 추천 부탁드려요! 19일날에 갈 예정입니다,0110,서울특별시 홍대입구 , 12,2024.10.17
476701414,질문안양에서 서울 성동구를 가려고 하는데,안양역에서 지하철 이용해서 서울 성동구로 가는 방법좀 알려쥬새요,0130,서울특별시 성동구 , 16,2024.10.17
476700493,질문당산역 근교 가볼만한곳 추천부탁드립니다~,당산역 근처에서 데이트예정인데 망리단길 망원시장 홍대거리 가봤고 근처 놀거리 먹거리 추천좀 부탁드려요~,013401,서울특별시 영등포구 당산동 , 17,2024.10.17
476699778,질문홍대사주 실력좋은 분,생각했던것과는 다르게 요즘 일도 잘 안풀려서요. 내년이면 삼재라고 하는데 이것도 맘에 좀 걸리고... 답답한 마음에 홍대사주 잘 봐주는곳 있으면 한 번 가보려고 해요. 예약하고 1년 이상 기다려야하는 그런 곳 말고 비교적 빠르게 볼 수 있으면서 실력도 좋은 선생님 있으시면 말씀 좀 부탁드리겠습니다 좀 도와주세요 ㅜ,012707,서울특별시 마포구 동교동 , 13,2024.10.17
476699320,질문잠실에 짐짐봉? 진진봉에대해 말하던데 이런데가 있나요?,안녕하세요 얼마전에 제가 좋아하는 해외 모 아티스트분을 길가에서 마주치게 됬는데 거기가 잠실 롯데타워 근처였거든요? 얘기 좀 나누다 그분들이 (당연히 영어로) 무슨 짐짐봉? 진진봉 이런얘기하던데 하필 그부분만 뭔말인지 정확히 못알아들어서 ㅜㅜ맥락으론 거기 간다는뜻같았는데 진짜 갈수록 너무 알고싶어서그런데 인터넷쳐도 안나오더라고요 짐짐봉 비슷한거라도 추측되는거 있는지요 궁금햐죽겠습니다ㅜㅜㅜ,013211,서울특별시 송파구 잠실동 , 10,2024.10.17
476697850,질문홍대 인스타 아이디 달라고 하는 남자,홍대에서 어떤 남자가 갑자기 다가와서 몇 살이냐고 묻고 어디에 살고 무슨 직업이냐고 물어보고 옆에 붙어서 제 폰을 가져가서 본인 계정 인스타 팔로우 하고 저한테 맞팔이 왔는데 신종 사이비인가요...? 맞팔 안 받아주는 게 낫겠죠 두 명이나 그러던데 정보 털리거나 해킹 당하거나 그러진 않겠죠? 제가 거절을 잘 못 해서... 그냥 줘버렸어요...,0110,서울특별시 홍대입구 , 12,2024.10.17
476696609,질문서울구로구개봉로1길118 엘리베이터 있나요?,제가 곧 전세가 만기라서 새로 이사 갈 집을 알아보고 있는데요 서울 구로구 개봉로 1길 118이 투룸이라고 해서 관심을 갖고 있습니다. 비교적 신축이던데 혹시 이 집 엘리베이터 있나요?,0121,서울특별시 구로구 , 19,2024.10.17
476695489,질문김포에서 건국대 서울캠 통학,김포 어느 지역이  건국대 서울캠 통학 하는게 쉬울까요...? 통학시간 대략 1시간 30은 잡고 있어요ㅜ,01,서울특별시 , 17,2024.10.17
476694750,질문사당 송별회 룸 1차2차 괜찮은곳 알려주세요. ㅠㅠㅠ,안녕하세요 저의 직장 동료 송별회를 하려고하는데요 사당 쪽으로 룸 으로된 괜찮은 1차2차 알려주세요 인원은 6~8명 입니다 조용하게 저희끼리 놀고싶어서요 ㅜㅜ 감사합니다~!!!!!!!!!!!!!! ###### 광고는 신고할거에요 #########,012605,서울특별시 동작구 사당동 , 10,2024.10.17
476694403,질문종로포장마차 몇시까지,종로포장마차 새벽까지 하나요?,013757,서울특별시 종로구 종로 , 14,2024.10.17
476694046,질문영등포 김안과 김주연 교수님 어디 병원에서 진료하실까요,안녕하세요. 영등포 김안과 김주연 교수님 어디 병원에서 진료하실까요? 예정에 치료를 잘 해 주셔서 다시 한번 찾아뵈려고 합니다. 다른 병원으로 가셨다고 ...,0134,서울특별시 영등포구 , 12,2024.10.17
476560958,질문종로3가역 게이들,종로3가역 근처 어느상가에 게이들이 많이 찾아오나요?,013757,서울특별시 종로구 종로 , 24,2024.10.17
476562836,질문동서울터미널역,2024년 현재도 혹시 동서울터미널역 남자화장실에 칸막이에 구멍(글로리홀) 뚤려있나요?,0101,서울특별시 강남역 , 27,2024.10.17
476692576,질문서울에 집값 싼 데가,어딘가요?,01,서울특별시 , 19,2024.10.17
476692360,질문강남파티룸강남퍼펙트 예약 방법과 가격은?,친구들과 함께 파티를 하기 위해 강남 파티룸 강남 퍼펙트를 예약하려고 하는데 예약 방법과 가격이 궁금합니다. 그리고 파티룸 내부 시설과 이용 후기도 함께 알려주시면 감사하겠습니다.,0115,서울특별시 강남구 , 10,2024.10.17
476692022,질문코엑스 팝업!?,2024년도 10월 23일에 서울 코엑스 아니면 코엑스 주변 10분 거리에서 팝업 하는거 있나요,01,서울특별시 , 12,2024.10.17
476521473,질문강서구 화곡동 시간제 알바없나요?,새벽에하는5시간짜리알바 구해요 일을해하는데 지금 1톤탑차로. 배달하거든요 그런데너무힘들어서 집주위로와서 차 안막히는시간데에 알바하고시ㅃ어요 도와주세요,0118,서울특별시 강서구 , 19,2024.10.17
476691461,질문노들섬 피크닉 질문이여ㅠ,남친이랑 노들섬을 갈건데 피크닉 대여하구 몇시까진 도착해야 돗자리 피구 여유롭게 좋은 장소에서 있을 수 있응까요? 그리고 보통 가면 몇시간 정도 머무르는지도 궁금합니다 피크닉이 첨이라..,0135,서울특별시 용산구 , 21,2024.10.17
476690288,질문수유역 헬스장 깨끗한곳으로 추천좀요!,운동좀 해보려고 하는데 수유역 헬스장 깨끗한 곳 있는지 궁금합니다 청결에 좀 예민한 편이라 너무 냄새나지 않고 깨끗한 수유역 헬스장이면 좋겠습니다 그리고 여자라서 엉덩이를 좀 만들고 싶은데 하체 기구가 많은 수유역 헬스장 있을까요?,011703,서울특별시 강북구 수유동 , 10,2024.10.17
476689485,질문둔촌동역안과.. 녹내장이 의심되서요..,최근 시력저하눈 통증두통 때문에 검색해보니 녹내장 증상이랑 비슷해서 둔촌동역안과 찾는 중인데 녹내장 진료 어디로 가는게 좋을까요?,011604,서울특별시 강동구 둔촌동 , 12,2024.10.17
476688600,질문장위3동 주민센터 주차,평일 업무 시간 외의 시간과 주말에 주차 가능한가요? 또한 업무 시간에 업무를 보는 시간 보다 더 길게 주차하면 어떻게 되나요.. 차단기는 없던데,0131,서울특별시 성북구 , 13,2024.10.17
476687844,질문구일역 가는 쪽하고 가산 가는쪽 어떻게 구분,인천 쪽이 구일이고 신창 병점 쪽이 가산인거죠?,0101,서울특별시 강남역 , 16,2024.10.17
476687580,질문구로공단 그시절,주무대는 어디죠 구로역 기준으로 설명주세요,0121,서울특별시 구로구 , 19,2024.10.17
476685629,질문서울 5535번버스 하차할때 카드를못찍었어요,요금이 추가로 더나오나요?,01,서울특별시 , 21,2024.10.17
476576704,질문요새 문래동 어디가 핫한 건가요?...,요새 문래동 어디가 핫한 건가요? 을지로처럼?,013404,서울특별시 영등포구 문래동 , 23,2024.10.17
476685111,질문송리단길 근처 송파구 맛집 추천해주세요,송리단길 근처에 있는 송파구 맛집 알려주세요 •맛집조건• 1. 인스타맛집× 2. 찐 맛집 3. 현지인 맛집,0132,서울특별시 송파구 , 16,2024.10.17
476684630,질문충남도립대학교 원서,충남도립대 원서2차 언제인가요,013749,서울특별시 종로구 원서동 , 14,2024.10.17
476683768,질문역삼역의 특징,은 무엇인가요,011510,서울특별시 강남구 역삼동 , 22,2024.10.17
476682304,질문청량리 홍두깨 칼국수,청량리에 할머니냉면집 근처에 있던 홍두깨 칼국수집 아시는분 계신가요? 대로변에 있는 홍두깨 칼국수집 말고. 할머니 냉면집 라인 바로 오른편에 있었던 곳이요. 그곳은 어땠나요? 보리밥 떡만둣국 칼국수 등등 팔았고 좌식 테이블이였어요,012508,서울특별시 동대문구 청량리동 , 18,2024.10.16
476681717,질문일산 킨텍스에서 서울역까지 퇴근시간에 길 많이 막히나요,킨텍스 2전시장에서 서울역까지 오후 6시에 이동해야해서요 기차표 예매해야하는데 처음 가봐서 퇴근시간에는 어떤지 몰라 물어봅니다. 퇴근시간에는 얼마나 시간이 걸릴까요? 서울역까지가 많이 막히면 행신역에서 기차 타는것도 고려중입니다!,01,서울특별시 , 23,2024.10.16
476681214,질문보통 서울에서,경기도로 내신 따려고 가면 그 고등학교에 서울애서 왔다고 소문이 나나요?,01,서울특별시 , 29,2024.10.16
476680147,질문여기 어딘가염?,어딘지 궁금해요,01,서울특별시 , 26,2024.10.16
476562398,질문인스파이어 시야 어디가 더 좋을까요?,313 우측 앞열이랑 211 우측 극사이드 뒤열 중에서 어디가 더 나을까요? 그리고 21123보다는 206 같은 무대 쪽 사이드가 나을까요?,0111,서울특별시 이대앞 , 21,2024.10.16
476680005,질문강북 성북 도봉 고등학교,이쪽에서 사복이 가능하거나 교칙이 좀 널널한 학교 있을까요? 굳이 사복이 아닌 겉옷 정도만 가능한 학교여도 괜찮아요,0117,서울특별시 강북구 , 15,2024.10.16
476678908,질문서울 데이트 코스 추천 고민상담,제가 좋아하는 오빠가 있는데요.. 3살 연상이에요 이번주 주말에 데이트 하기로 했는데요 영화는 이번에 재개봉한 노트북 보기로 했거든요 하고 뭐 해야할까요.. 밥 먹을 땐 뭐 먹을지 다 먹고 뭐 할지 모르겠어요 아무것도… 그리고 제가 좋아하는 사람 앞에선 눈도 잘 못 마주치는데요 ㅠㅠ 어떡하면 좋아요 저 진짜… 서울에서 만날 것 같은데 연애 고수님들 제발 저 좀 도와주새요,01,서울특별시 , 32,2024.10.16
476610313,질문강동구 선사고/영파여고에서 인서울 가능한가요?,강동구에 있는 선사고 영파여고에서 내신 평균 몇 등급해야 인서울 가능할까요?,0116,서울특별시 강동구 , 20,2024.10.15
476676978,질문대덕고vs충여,중구에 사는 중3임니다 성적은 잘 안나오지만 저는 충여에 가고싶습니드ㅏㅏ 부모님은 대덕고를 원하지만 너무 빡셀거같아요ㅠㅠㅠ 대전여고랑 호수돈도 생각하고 잇는데 끌리는건 충여에여 교칙 좀 자유롭고 분위기 좋은 곳 충여 대덕 대여 호수돈 중에알려주세요ㅜㅜ,0138,서울특별시 중구 , 12,2024.10.15
476675226,질문서울 삼성동 아이파크 월세 얼마에요,서울 삼성동 아이파크 월세가 얼마에요?공급면적이 216.62m²정도 이고 매매가는 95억 북동향이고 고층(40층이상)이면 (관리비나 뭐 이것 저것 포함해서..),011505,서울특별시 강남구 삼성동 , 19,2024.10.15
476675172,질문반포 어셔어학원 성심여고 내신대비,성심여고 재학생 중 어셔어학원 다녔다는 후기가 있던데 토플학원이라고 나와있더라고요. 직접적인 내신대비를 해준다는 건가요? 아니면 영어실력을 향상시켜준다는 건가요? 내신기간 수업방식이 어떻게 되나요?,012902,서울특별시 서초구 반포동 , 8,2024.10.15
476674789,질문서울역 종각 근방 둘이서 마실만한 프라이빗한 술집,이자카야든 술집이든 둘이서 마실만한 조용하고 룸이나 프라이빗한 술집이 있을까요??,01,서울특별시 , 10,2024.10.15
476673306,질문천안에서 상암 월드컵 경기장 가려면 어떻게 해야 하나요,천안아산역에서 서울역이나 용산역까지 가는 건 알겠는데 그곳에서 어떻게 상암 월드컵 경기장까지 갈 수 있는지가 궁굼함니다,012711,서울특별시 마포구 상암동 , 23,2024.10.15
476546160,질문홍대 위드뮤 라이즈,담주 수요일에 홍대 위드뮤에 가는데요 라이즈 응원봉이나 이번에 새로 나온 트레카 같은 것들 파나요??,0110,서울특별시 홍대입구 , 23,2024.10.15
476672789,질문서울컨벤션고 위탁...,서울컨벤션고 위탁 가능한거로 알고 있는데요 경기도에서도 위탁 가능한가요?,01,서울특별시 , 19,2024.10.15
476672555,질문이번 10월31일에 홍대에서 할로윈 여나요?,예전 사건 사고 일어난후 막았었는데 이번 할로윈은 어떤가요 상황이? 사람들이 나나서 분장하고 즐길까요? 막을까요?,012707,서울특별시 마포구 동교동 , 17,2024.10.15
476671954,질문영등포에 중국인들이 많이 사는 이유,,01,서울특별시 , 16,2024.10.15
476671794,질문세종 이응 패스 환급,제가 버스비만 한달에 6~7만원은 쓰는데 이번 9월달에 이용한 버스비가 5만원 정도가 출금이 됐는데 매월 12일에 다시 환급된다던데 왜 아직까지도 입급이 안될ㄲㅏ요…?,013732,서울특별시 종로구 세종로 , 11,2024.10.15
476671446,질문진짜 창문 열고 소리 지르지 맙시다,은평경찰서 뒤쪽 빌라에 사시는 분 같은데.. 아니 한 번도 아니고 매주 그럽니다 시끄럽다고 창문 닫고 있을 날씨도 아니고 진짜 평상 시면 모르겠는데 시험기간에는 제발 좀 조용히 해주세요 도서관도 아니고 제가 뭐라 그러는 건 아니라고 생각하지만 그냥 짜증납니다 한 번 하는것도 아니고 계속해서 옼! 오옥! 왓! 이러고 제발 이번주만 조용히 해주세요 제발 축구경기 보시는 거 같은데 알겠어요 소리 지르세요 근데 문 닫고 소리지르세요 제발 ㅎ ㅏ 내일이 시험입니다 이거 보셨으면 알겠어요라든지 등등 지식인 봤다고 소리질러주세요..,0136,서울특별시 은평구 , 12,2024.10.15
476670782,질문답십리역 주변에 고급일식집...,답십리역 주변에 고급일식집을 전에 본거 같은데 없어졌나요. 일식으로 검색해도 홀만있는 일반횟집만 보이네요. 코스로 나오는 룸이 있는 일식집 아시면 정보부탁드려요.,012501,서울특별시 동대문구 답십리동 , 10,2024.10.15
476670631,질문강남 놀곳,안녕하세요 이번에 강남 처음 가보는데 청담고 주변으로 갈만한곳 추천부탁드립니다 소품샵이나 옷가게 같이 구경하는거 좋아해요!,0115,서울특별시 강남구 , 23,2024.10.15
476669734,질문잠실 놀거리,서울아산병원-수서역 주변에서 고등학생 혼자서 놀만한곳 알려주세요 지방에서 올라가서 놀다오고 싶어요!,013211,서울특별시 송파구 잠실동 , 19,2024.10.15
476668972,질문서울 처음와본 사람,제가 서울온지 1년되었는데 제 예전 친구가 놀러오기로했어요 둘다 고등학생인데 어딜가야 인상깊을까요 그친구는 서울 처음와봐요 서울숲.?은 너무 식상할까요? 어디를가야할까요,01,서울특별시 , 38,2024.10.15
476668893,질문대방역이나 노량진서 새벽에 노원가는버스,노량진역이나 대방에서 새벽에 노원가는 버스 운행하나요 배차간격및 위치정보 궁금합니다 글구 근처주변에 새벽운영 식당이나 피시방 좀 있나요 상권,012601,서울특별시 동작구 노량진동 , 14,2024.10.15
476668126,질문당긍마켓 심부름 으로 덕질 대신구매 시키는것도가능?,당긍마켓 으로 알바 구하는것이있는데요 알바 구하는 기능으로 덕절물품 대리 구매시키는것도 가능할까요??,012803,서울특별시 서대문구 대신동 , 13,2024.10.15
476667611,질문알바 면접 신고되나여?,서울올라와서 면접보는데 지점장이 저보고 광주촌년이라고 하는데 이거 신고되나요? 지역비하하는데 상당히 기분나쁘네요ㅡㅡ,01,서울특별시 , 13,2024.10.15
476667136,질문대한통운 687872108145,지역은 서울 관악구 입니다. 언제 도착할까요..목욜에 도착 가능할까요,01,서울특별시 , 16,2024.10.15
476667021,질문중간 평균 87점이면,서울 송파구에 있는 학교 다니는데 평균 87점이면 잘 본 건가요?,01,서울특별시 , 10,2024.10.15
476665885,질문~~서울 강남에 월세 저렴한 오피스텔 있나요?~~,안녕하세요 11월달에 서울에 가서 강남에 있는 오피스텔 작은평수 저렴한 곳을 찾아서 돈을 열심히 벌어서 전세로 해야할지 아니면 월세로 해야할지 부모님과 의논을 하고 난뒤 사촌언니한테도 카톡으로 물어보고 당분간은 창원에서 일당제 일을 알아보기 위해서는 창원여성인력개발센타에 방문을 해서 상담을 받고 입주청소 일을 3명씩 하는 곳으로 가고 싶다고 말씀드리고 행동이 느리고 부족한 부분도 많다고 말씀드리고 싶어요,0115,서울특별시 강남구 , 18,2024.10.15
476665168,질문강남 구내식당 질문,부산에서 서울로 이직을 할생각인데 궁금한게 있습니다 부산은 센텀에서 일한다면 구내식당같이 한식뷔페 하는곳이 있는데 강남도 직장인을 위한 밥집이 많이있나요? 아니면 일반식당에서 식사하는편인가요?,0115,서울특별시 강남구 , 10,2024.10.15
476664086,질문사대부고 질문 (내공 100,이문동에서 사대부고 갈 수 있을까요? (흔히 말하는 뺑뺑이로만 입학 가능한가요 아니면 면접을 통해서도 입학이 가능한가요?) 그리고 사대부고는 성적을 본다고 알고있는데 전교 20등대면 입학 가능한가요??,013112,서울특별시 성북구 정릉동 , 11,2024.10.15
476662021,질문남양주 덕소역에서 강남역 출근시 기후동행카드,기후동행카드를 사용하는게 이득일까요?? 출퇴근 용으로 사용예정입니다,0101,서울특별시 강남역 , 24,2024.10.15
476612548,질문토지매매로 인한 복잡한 갈등,"서울 거주 중인 30대 남성입니다. 20년 전 시골에 살았는데 아버지가 돌아가셔서 당시 저는 미성년자여서 어머니가 시골에 있는 집을 대신 상속을 받았고 지인(50대)에게 집을 매매하여 서울로 이사를 왔습니다. 당시 할머니와 친척들은 어머니가 왜 집을 매매 하냐고 구박하고 어머니와 할머니가 싸웠습니다. 그 후 할머니가 지인에게 찾아가 집을 달라고 싸웠던 것 같습니다. 아버지가 계셨을 때도 아버지와 지인은 어떤 사건으로 싸웠습니다. 여기까지는 저와 지인은 문제가 되지 않습니다. 집을 판 것도 어머니와 거래를 했고 저랑은 상관이 없었습니다. 5년 전 제가 20대 일 때 안부 인사 차 지인 집에 갔는데 제가 말하지 않았는데 갑자기 느닷없이 집을 달라고 찾아왔냐고 순간 당황하였고 지인의 가족들이 있는데 제가 무슨 말이냐고 화를 낸다면 지인이 아버지와 할머니처럼 싸우려고 하느냐며 생각하여 그냥 아무 말 하지 않고 그냥 서울로 왔습니다. 내가 그렇게 찾아 간 게 아니었는데 나를 그런 식으로 대하니 시간이 지나도 억울하고 화가 나서 최근 과거의 일로 지인(시간이 지나서 60대)에게 전화해서 '제가 집을 달라고 했나요? 돈을 달라고 했나요? 집 거래를 어머니랑 했고 나랑은 상관없고 등기부등본 보니까 소유권 이전됐다'고 화를 내며 따졌고 20대에 지인의 집에 찾아 갔을 때 처음 봤던 지인 아들의 아내(40대)가 저를 예의없이 대해서 지인(60대)에게 며느리(40대)에게 전하라며 인성 교육이나 제대로 받으라고 했는데 이 일에 상관없는 지인의 아들 딸(40대)들이 통화를 듣고는 상황 파악이 안되는지 아니나 다를까 작은 말로 ""누가 인성이 잘못된 지 모르겠네 신경 쓰지 마"" 라고 하는데 '그 애비에 그 자식'이라고 생각하는 것 같았습니다. 저는 그 애비에 그 자식 이라는 말을 듣기 싫고 그렇게 생각 하는 것도 싫어요 화를 낼 상황에서 참고 있으면 바보 소리 듣는 요즘 할 말을 한 건데 이러한 상황에서 제가 잘못했나요?",01,서울특별시 , 19,2024.10.15
476660224,질문중2 인사동 엠스테이지 근처 놀거리 추천,이번주 금요일에 엠스테이지 쪽 놀러 가는데 놀거리로 무엇이 있을까요? 그냥 걷는 거 좋아해서 길거리 추천도 좋고 책 관련 된 곳도 좋아요. 정말 아무데나 좋습니다!! 근데 학교에서 가는거라 너무 멀리까지는 못가서 엠스테이지 근처로 부탁드립니다.,013752,서울특별시 종로구 인사동 , 17,2024.10.15
476659798,질문선릉정형외과 어디가 좋을까요?,선릉동으로 이사온지 2주정도 됐는데요 저희 아버지께서 디스크가 있으신데 기존에 다니던 병원은 너무 멀어서 다니기가 어렵더라구요 그래서 동네 근처로 다니려고 하는데 선릉정형외과 잘하는 곳 추천 받을 수 있을까요?? 어디가 좋을지 잘 모르겠어서 추천해주시면 감사하겠습니다,011505,서울특별시 강남구 삼성동 , 26,2024.10.15
476616080,질문도봉구 방학동 인근에 자유롭게 술 사갈 수 있는 음식점,도봉구 방학동 인근에 자유롭게 술 사가서 마실 수 있는 음식점 있나요? 옛날에는 술사와 라는 음식점이 식당에서 음식이랑 안주는 팔고 술은 본인이 원하는 거 사가서 먹을 수 있는 곳이였는네 사라져서요. 혹시 위에 예시같은 곳 있을까요?,0124,서울특별시 도봉구 , 18,2024.10.15
476656194,질문세븐펍 홍대 술집 칵테일 추천해 주실 수 있나요?,여자친구와 홍대에서 주말 데이트를 하기로 했습니다. 둘 다 술을 잘 못하는데 세븐펍 홍대가 인테리어도 예쁘고 안주도 맛있다고 해서 가보려고 합니다. 도수가 높지 않고 맛있는 칵테일 추천해 주실 수 있나요?,012707,서울특별시 마포구 동교동 , 13,2024.10.15
476656158,질문급하다급해 에어서울 보조배터리,처음사진이 제가 가지고있는 배터리고 두번째가 에어서울 규정인데 가져가도되겠죠?,01,서울특별시 , 21,2024.10.15
476656012,질문건대역 정형외과 스타시티 정형외과의원 점심시간 있나요?,최근 잦은 야근으로 어깨가 뭉친 탓인지 통증이 지속되어 물리치료를 받으러 가려고 합니다. 12시쯤에 방문할 예정인데 건대역에 있는 정형외과 스타시티 정형외과의원 점심시간 있나요? 있다면 몇 시부터 몇 시까지인지 알려주세요.,012005,서울특별시 광진구 자양동 , 9,2024.10.15
476655709,질문어디에 있을까요??ㅜ,수유쪽에 통목살 파는 트럭 아저씨 주로 어디에 출몰하시나요??ㅜ,011703,서울특별시 강북구 수유동 , 13,2024.10.15
476655402,질문개롱역안과병원 어린이 시력검사 꼼꼼하게 잘봐주는 곳,5살 딸아이를 키우는데 눈이 불편한것 같아 개롱역안과병원 가서 검사 받으려고 하는데 아이가 너무 어리기도 하고 꼼꼼하게 검사받고 싶어서요. 저처럼 어린자녀 둔 부모님들 어린이 안과 어디로 다니세요?,0132,서울특별시 송파구 , 18,2024.10.15
476655189,질문서울 송파을 ..?,서울에서 송파을 부분은 어디서부터 어디까지인가요..? 자세히 좀 알려주세요. 부탁드립니다.,0132,서울특별시 송파구 , 13,2024.10.15
476582155,질문화곡동 로얄짬뽕 근황,옛날에 화곡동에 있는 로얄짬뽕집을 아주 잘 갔었는데 다른지역으로 이사 후 몇년동안 못 갔었는데 가게가 없어졌더라고요 혹시 이사를 했거나 다른곳에서 하고 있다면 위치 알려주세요 ㅠㅠ 또 가고 싶어요 … 전라도여도 갑니다 ㅠㅠ,011813,서울특별시 강서구 화곡동 , 18,2024.10.15
476654665,질문서울 안양 광명에 피구부 있는 중학교 있나요?,서울(금천구 구로구 관악구) 안양 광명에 피구부 있는 중학교 있는곳 아시는분 있으신가요? 가능한 금천구면 제일 좋고 없으면 원정도 가능합니다.,01,서울특별시 , 9,2024.10.15
476654169,질문혼자 놀만한 곳 추천해주세요!,노래방 pc방 영화관 만화카페 말고 다른 놀만한 곳 있을까용?,01,서울특별시 , 39,2024.10.15
476654087,질문역삼 한의원 본디 점심시간 있나요?,최근 잦은 야근으로 어깨 통증이 있어 한의원에 침을 맞으러 가려고 합니다. 12시쯤에 방문할 예정인데 역삼 한의원 본디 점심시간 있나요? 있다면 몇 시부터 몇 시까지인지 알려주세요.,011510,서울특별시 강남구 역삼동 , 10,2024.10.15
476654050,질문사당에 캉캉싸롱 스테이크 맛있나요?,사당에 캉캉싸롱이 가성비 안주로 유명해서 여자친구랑 가보려는데 여기 스테이크도 맛있나요? 양은 얼마나 되는지 궁금합니다. 스테이크랑 같이 먹기 좋은 메뉴도 추천해 주시면 감사하겠습니다.,012605,서울특별시 동작구 사당동 , 6,2024.10.15
476653908,질문광화문 광장에서 한글날에 어떤 행사를 했나요?,광화문 광장에서 한글날에 행사를 진행했다고 하던데 내년에 아이들을 한 번 데리고 가보면 좋을 것 같아 질문드려요. 초등학생 저학년 어린이들이 체험할 만한 체험 부스도 많이 있었나요? 어떤 행사를 했나요?,013732,서울특별시 종로구 세종로 , 10,2024.10.15
476653814,질문자양동 레이저 제모 데이뷰의원 건대입구역점 괜찮은가요?,다음 달에 남자친구와 수영장을 가기로 했는데 제모를 깜빡했습니다. 급하게 받아야 하는데 데이뷰의원 건대입구역점 제모 괜찮은지 알고 싶습니다. 겁이 많은 편이라 아프지 않게 해주시는지 자세한 후기 부탁드립니다.,012005,서울특별시 광진구 자양동 , 10,2024.10.15
476653723,질문시흥 피부과 다시봄날의원 시흥 어디에 있나요?,시흥 피부과 다시봄날의원 시흥점 방문하려고 하는데 어디에 있는지 알 수 있을까요? 이번에 방문할 때는 자동차를 끌고 갈 수가 없어서 지하철로 가려고 하는데 어느 역에 내려서 가야 편한지 자세히 알려주시면 감사하겠습니다.,012203,서울특별시 금천구 시흥동 , 9,2024.10.15
476653482,질문신대방 내과 민내과 의원 점심시간 있나요?,어제부터 열감기 기운이 있는 것 같아서 검진을 받으러 가려고 합니다. 12시쯤에 방문할 예정인데 혹시 신대방에 있는 내과 민내과 의원 점심시간 있나요? 있다면 몇 시부터 몇 시까지인지 알려주세요.,012607,서울특별시 동작구 신대방동 , 11,2024.10.15
476653398,질문동대문 페스티벌 이동무대 기본 정보 알 수 있을까요?,동대문 페스티벌 이동무대가 있다고 하여 궁금하여 질문드립니다. 해당 축제는 언제부터 언제까지 하는 건가요? 어디서 진행하는지 어떤 행사인지 기본 정보 좀 알려주시면 감사하겠습니다.,0125,서울특별시 동대문구 , 10,2024.10.15
476652120,질문서울 지역.,남성 헤어 커트. 가격이 보통 얼마에요?,01,서울특별시 , 22,2024.10.15
476596606,질문블로디로어 2,거기에 보면 악역인 줄 알았는데 선역인 알랭이랑 제니 둘은 부부관계인가요? 아니면 연인관계인가요?,011507,서울특별시 강남구 수서동 , 20,2024.10.15
476596022,질문청량리 황해도순대 곱창,청량리 황해도순대에서 곱창 구매해서 드신분있을까요? 구매생각중인데...손질이나 어떻게먹어야하는지 궁금합니다. 혹여 냄새?같은게 날까요?ㅠ,012508,서울특별시 동대문구 청량리동 , 21,2024.10.15
476598816,질문우즈역의~,좋은 점은 뭔가요 궁금해요,0101,서울특별시 강남역 , 19,2024.10.15
476649576,질문영등포 치과 원덴탈솔루션 영등포 당산 점심시간 있나요?,최근 잇몸이 부어올라 통증이 있어 원인이 무엇인지 치과 검진을 받으러 가려고 합니다. 12시쯤에 방문할 예정인데 혹시 영등포 치과 원덴탈솔루션 영등포 당산 점심시간 있나요? 있다면 몇 시부터 몇 시까지인지 알려주세요.,0134,서울특별시 영등포구 , 9,2024.10.15
476649526,질문연남동 마라탕 맛집 란콰이진 메뉴 추천 가능한가요?,연남동 마라탕 맛집으로 유명하다는 란콰이진에 방문하려고 하는데 마라탕 외에 추천 메뉴가 있다면 알려주세요. 친구들과 함께 방문할 예정이라 남녀노소 모두 즐길 수 있는 메뉴로 추천해 주시면 감사하겠습니다.,012718,서울특별시 마포구 연남동 , 13,2024.10.15
476648771,질문여의도에서 가까운 고시원,직장이 이 인근이라 알고 싶어요,013408,서울특별시 영등포구 여의도동 , 20,2024.10.15
476646292,질문신림 헬스장 괜찮은 곳 있나요?,직장 때문에 신림으로 이사왔는데 신림 헬스장 등록하고 싶어서 추천받습니다. 좀 깨끗했으면 좋겠고 이왕이면 여성헬스장이면 좋겠습니다. PT도 트레이너 선생님들 실력이 좋으면 받을 생각도 있습니다. 다들 신림 헬스장 어디 다니시나요?,011903,서울특별시 관악구 신림동 , 23,2024.10.15
476646291,질문홍대 헬스장 추천좀요!,대학 입학하고 나서 과제에 공부하느라 살이 좀 쪘어요.. 홍대 헬스장 좋은 곳 있나요? 지방에서 올라와서 동네를 잘 몰라서 어렵네요 휘트니스피플우먼 홍대점이 여성전문 헬스장으로 꽤 유명하던데 여기 홍대 헬스장 다녀보신 분들 후기가 궁금합니다 그리고 이왕이면 천국의 계단 머신이 있는 홍대 헬스장으로 다니고 싶어요!,0110,서울특별시 홍대입구 , 27,2024.10.15
476645965,질문대중교통 이전에는 무엇을 했나요?,,01,서울특별시 , 19,2024.10.15
476645797,질문연남동에서 모임하려고 하는데 괜찮은 맛집 추천해주세요,연남동에서  모임하려고 하는데  모임 적당한 맛집없을까요?,012718,서울특별시 마포구 연남동 , 18,2024.10.15
476645613,질문강동구 9개월동안 살만한곳,제가 9개월간 천호역 근처 학원좀 다니려고하는데 근처 엄청 싼곳 없을까요? 30분거리까지 괜찮은데 집이 수원이라...,0116,서울특별시 강동구 , 19,2024.10.15
476644628,질문신림에서 다닐만한 괜찮은 스터디카페 알려주세요,신림에서 다닐만한 괜찮은 스터디카페 알려주세요 장소는 대학동이고 서울대벤처역 가까웠으면 좋겠습니다,011903,서울특별시 관악구 신림동 , 14,2024.10.15
476644088,질문어디인가요?...,어디인가요?,012601,서울특별시 동작구 노량진동 , 20,2024.10.15
476554774,질문개포동 구룡지하차도 양방향 입구에 과속카메라 있나요??,개포동 1277 네비에는 안떠있었는데 입구에 카메라가 있더라구요 보통 과속카메라는 옆에 단속중이라고 표지판도 있는데 없어서 그렇다고 차량수집장치라고도 안써있어서 질문합니다,011501,서울특별시 강남구 개포동 , 27,2024.10.15
476640926,질문경부선 만남의 광장 회차로?,경부고속도로 만남의 광장 서울방향 회차로(토끼굴)에 현대 쏠라티 차량 통과가 가능한지요? 아시는분 답변해주시면 감사드리겠습니다 _()_,012001,서울특별시 광진구 광장동 , 21,2024.10.15
476639884,질문강납 압구정 성형,강남이나 압구정가면 코 수술하고 부목붙이고나 그러신분들 많은가요? 지나가다보면 막 수술하고 나온분들 많나요?,0115,서울특별시 강남구 , 20,2024.10.15
476639475,질문서면역에서 부산대역까지,서면역에서 내리고 아무 출구나 갔다가 다시 들어간다고 치면 몇번 출구로 들어가야하나요?부산역 방면으로 가야될지 헷갈려유 ㅠ,0101,서울특별시 강남역 , 18,2024.10.15
476639300,질문서울 성동구 유기견 봉사,할곳 좀 알려주세요 유기견 봉사하고싶은데 서울쪽에 없어서 좀 알려주세요,0130,서울특별시 성동구 , 18,2024.10.15
476637997,질문발산역 다이소...,발산역 다이소에 엘리베이터있나요?,0101,서울특별시 강남역 , 17,2024.10.15
476637831,질문서울 장소 찾아주세요 ㅠㅠ,제가 이번년도 초에 서울에서 실내데이트 코스를 찾다가 수원 AK 프라자같이 큰 건물안에 식당같은것들 모아져있는 곳을 발견했었는데 어딘지 도저히 찾아도 나오질 않네요 ㅠㅠ 코엑스 스타필드 이런곳은 아니였어요 ㅠㅠ 방배동 근처였던것같고 되게 크고 이런저런 식당이 많이있었어요 방배역 근처에 가까웠던걸로 기억해요,01,서울특별시 , 24,2024.10.15
476637693,질문서울신림동에서 광주유스퀘어버스터미널,고속버스택배로 보내는데 서울 어디서 보내야되나요ㅠㅜ,011903,서울특별시 관악구 신림동 , 16,2024.10.15
476637479,질문여의도 빌딩은 토탈 몇개 까지,님들 여의도 빌딩은 토탈 몇개 까지 말입니다 여의도가 뭡니까? 아시면 알려주세요 그리고 빌딩이 뭡니까? 아시면 알려주세요 그리고 토탈이 뭡니까? 아시면 알려주세요 그리고 몇개가 뭡니까? 아시면 알려주세요그리고 까지가 뭡니까? 아시면 알려주세요 그리고 여의도에 있는 빌딩은 토탈 몇개 까지 있습니까? 아시면 알려주세요,013408,서울특별시 영등포구 여의도동 , 11,2024.10.15
476636819,질문친구랑 서울 놀러가는데 할거 ㅊㅊ,16세 둘이서 서울로 갈껀데 저희가 진짜 활발해서 움직이는걸 좋아합니다 그리고 가격대는 너무 비싸지만 않으면 됩니당 시간도 많이 소비하지 않는걸로 짧게 여러 군데 갈거라서여 추천해주세영,01,서울특별시 , 55,2024.10.15
476636453,질문강동송파 고등학교,제가 성내2동이랑 천호 사이 어딘가쯤에 살고있는 중2학생인데요 부모님은 자사고에 가길 바라시는데 학원에서는 한대부고 이대부고 이런쪽을 가면 무조건 정시로 대학가야해서 안좋을거니까 가지말라합니다 그리고 일반고는 다 별로라고 해서 어디를 가야할지 잘 모르겠어요 잠실쪽은 특목고 자사고떨어진애들이 온다해서 어려워서 고등학교 4학년이라는 말도있던데 어디 고등학교를 진학하는게 제일 좋을까요? 사실 영파여고에 갈 확률이 정말정말 높은데 저는 사실 한영쪽 가고싶거든요 한영은 근데 여기서 잘 안보내준다고 하더라고요 어디가 제일 가능성이있고 나을까요?ㅜㅜ 전 영파여고에 절대 가고싶지않습니다ㅠ,0132,서울특별시 송파구 , 14,2024.10.15
476636062,질문각 지역역에 있는 문. 화 센터 수강.,수강하면 재미있나요?,0101,서울특별시 강남역 , 17,2024.10.15
476635927,질문홍대...,님들 홍대 말입니다 홍대가 뭡니까? 아시면 알려주세요,012707,서울특별시 마포구 동교동 , 18,2024.10.14
476634099,질문건대역과 수원역의 중간이 어딘가요?,건대역이랑 수원역 중간이 어디인가요? 놀거리 많은 곳으로 알려주세요!,01,서울특별시 , 15,2024.10.14
476633459,질문성수 혼자 놀기 추천,성수에서 혼자 놀고 싶은데 뭘 해야할지 모르겠어요 ㅠㅠ 세~네시 정도부터 밤까지 놀 생각이고 놀만한 곳이나 카페 맛집 추천 부탁드려요 ㅠㅠ,013006,서울특별시 성동구 성수동 , 39,2024.10.14
476633379,질문소요산에서 서울석관초등학교 가는 방법 알려주세요,,013108,서울특별시 성북구 석관동 , 12,2024.10.14
476632465,질문요즘 서울 망했나요???,요즘 서울 망했나요??? 요즘 계속 지방출장 일이 늘어나는데 서울 경기도는 망했나요??,01,서울특별시 , 20,2024.10.14
476632319,질문강남구에서 가장 발전한 동네는 어디인가요?,알려주세요,01,서울특별시 , 16,2024.10.14
476631165,질문서울 오전8시부터 놀 수 있는 곳 추천 좀 해주세요 ㅜ,친구들이 자꾸 오전 8시부터 놀자고 그러는데 전부 10시쯤에만 문을 열잖아요..;; 에효.. 오전 8시부터 문 여는 식당이나 놀거리 좀 알려주세요,01,서울특별시 , 35,2024.10.14
476630829,질문홍대 혼자 놀기,홍대 항상 친구들이랑 가서 새로운 경험을 해보자 혼자(중딩)놀러가려고 합니다. 소품샵이랑 혼카페 추천 부탁드려요!!! 밥은 라멘 먹어보고 싶어서 멘지 라는 가게 가볼려고 하는데 괜찮을까요?,0110,서울특별시 홍대입구 , 28,2024.10.14
476630270,질문이 역 무슨역이죠?,이 역 무슨역인가요? (출저 : 유튜브 영상 캡쳐),0101,서울특별시 강남역 , 28,2024.10.14
476629562,질문잠실사시는 분 답변 좀 부탁해요,아래 사진이 이번에 통제된다는 다리인가요?? 이 다리 통제되면 좀 불편해 질 것 같은데..,013211,서울특별시 송파구 잠실동 , 20,2024.10.14
476626215,질문마포공덕 놀거리 추천좀여,썸녀랑 이번주에 마포공덕 근처에서 놀것같은데 갈만한 곳 추천좀여,012701,서울특별시 마포구 공덕동 , 20,2024.10.14
476625024,질문백운대 코스,친구와 둘이서 백운대를 가려합니다. 저는 고양에 살아서 북한산성탐방지원센터에서 출발 친구는 광진구 살아서 우이역에서 출발하려합니다. 1. 이렇게 서로 다르게 출발해도 백운대에서 만날 수 있나요? 2. 각자 백운대까지 시간은 얼마나 걸릴까요? 3. 백운대에서 만나서 종로구 쪽 (남쪽) 으로 내려오려하는데 길이 있을까요? 4. 등산하려면 예약도 미리 해야하나요? 잘 아시는 분이 있다면 답변 부탁드립니다.,013611,서울특별시 은평구 진관동 , 30,2024.10.14
476514119,질문영등포추억담,영등포에 온이유'추억. 누가 장문 글좀 남겨 주세요'자서전 식으로 글 좀 오려주시면 고맙겠네요'원고지5장. 정도,0134,서울특별시 영등포구 , 21,2024.10.14
476623558,질문여기 어딘지 아시는분 내공,장소. 위치 여기어디인가요,01,서울특별시 , 26,2024.10.14
476544760,질문학생수 많은 화곡동 남녀공학 일반고,중3여자 화곡동으로 이사가는데 화곡동이나 화곡동이랑 가까운 학생수 많은 남녀공학 일반고 좀 알려주세요… 찾아봤는데 거의 다 남고여고특성화고내ㅣㅔ요 ㅜㅜ 그리고 화곡동 학교 분위기 다 어떤가요,011813,서울특별시 강서구 화곡동 , 17,2024.10.14
476534555,질문국민임대주택 1순위 지원하려하는데,영등포구와 마포구사이에 강이 있는데 그런경우도 1순위가 가능한건가요?,0127,서울특별시 마포구 , 25,2024.10.14
476534987,질문Sh국민임대주택 49형,당첨되서 살다가 59형 다시 지원신청가능한가요?,0127,서울특별시 마포구 , 19,2024.10.14
476622855,질문메이드카페,제가 중2인데 친구랑 궁금해서 홍대에 메이드카페를 가려고했는데 중학생2명이서 가면 이상해보일까요? 메이드카페에 미성년자는 많이 안오나요?ㅠㅠ,012725,서울특별시 마포구 합정동 , 12,2024.10.14
476563041,질문수제 빼빼로,성북구 근처에 수제 빼빼로 파는곳이 어디 있을까요..?? 가격 저렴한 곳으로 추천 해주실곳 있나요?,01,서울특별시 , 18,2024.10.14
476620633,질문반포 한강공원 몇시쯤 가야 자리 잡기 쉬운가요?,10월20일에 반포 한강공원 가는데 몇시쯤 도착해야 분수 바로 앞에 자리 잡을 수 있을까요ㅜㅜ,012902,서울특별시 서초구 반포동 , 17,2024.10.14
476620514,질문홍대 클럽 재밌는데,홍대클럽 어디가 제일 재밌어요? 처음가봐서,0110,서울특별시 홍대입구 , 36,2024.10.14
476619735,질문병원 가야하나요?,할머니 집에서 뭘 물렸는데요... 3개 답해주세요.... 1.모기 맞나요? 2.병원 가야하나요? 3.심각한가요? (모기 알러지 있습니다..),013521,서울특별시 용산구 한강로 , 15,2024.10.14
476616686,질문합정역 8번출구 맛집,제목 그대로입니다 아침 겸 점심으로 먹을 거라 가벼운 음식집 추천해 주세요!!,012725,서울특별시 마포구 합정동 , 13,2024.10.14
476616603,질문오늘 잠실 지하상가 휴무인가요?,,013211,서울특별시 송파구 잠실동 , 18,2024.10.14
476615873,질문서울 전세가 8억 아파트 신혼부부 신생아 특례 대출,내년 출산 예정인 신혼부부입니다. 애기가 생기면 넓은 집으로 이사를 가려고 합니다. 알아본 집이 전세가 8억 정도인데 2억을 대출 받으려고 합니다. 신혼부부 혹은 신생아 특례 대출로 가능할까요? 가능하지 않다면 어떤 대출을 해야할까요?,01,서울특별시 , 13,2024.10.14
476615739,질문티켓 2연석이 뭔가요?,2연석이 2자리가 붙어있는걸로 아는데 이러면 티켓을 2개 주나요? 그럼 친구도 데려갈 수 있나요?,013772,서울특별시 종로구 혜화동 , 11,2024.10.14
476615109,질문악기팀 구합니다.,늦은시기에 악기를 하게 되서 악기 받아주실팀이 있을까 합니다. 발가락6개 기영아이고 소규모팀을 찾고 있습니다 서울에 복지관이나 문학센터쪽에 있다면 알려 주세요 눈에 장애가 있어 다른것은 멀정합니다. 악기는 클라리넷 하고 41세이고 가능할까 합니다. 돈 제금 벌어도 되고 안벌어도 되니 들어갈 팀이 있을까 합니다. 꼭 좀 도와주세요 서울쪽에 희망해요. 절실한 마음입니다.,01,서울특별시 , 14,2024.10.14
476614227,질문코엑스 가려면 어느 역에서 내려야 하나요?,코엑스에 가려면 어느 역에서 내려야 하나요? 그리고 역에서 내려서 코엑스까지 어떻게 가야 하는지도 알려주시면 감사하겠습니다.,011505,서울특별시 강남구 삼성동 , 21,2024.10.14
476613473,질문10월 26일 성수 팝업,화장품 향수 패션류 제외 즐길 거리 많은 팝업 있을까요? 아직 열리지 않았더라도 그 때 열리는 팝업 예약 링크 있다면 알려주세요! 정성 답변 부탁해요 ㅠㅠ,013006,서울특별시 성동구 성수동 , 139,2024.10.14
476613000,질문마곡 인근에 수액 잘 놓는 병원 있나요?,애기가 아파서 자주 수액을 맞는데 마곡으로 이사를 온 지 얼마 안돼서 병원 정보가 너무 없네요. 뻔한 영양제 놔주는 곳들 말고 태반주사 등 좋은 성분들 제대로 처방해주시는 병원 있을까요? 기왕이면 수액실이 따로 마련되어있거나 공간이 분리된 전체적으로 조용한 곳이면 좋겠습니다. 소아과는 추천 안해주셔도 됩니다.. 늘 시끄러워서...기다리는 사람도 지치더라구요 ㅠㅠ + 주차가 가능해야 합니다. 대신 조금 멀어도 괜찮습니다.,011807,서울특별시 강서구 마곡동 , 11,2024.10.14
476612879,질문여주역에서 킨텍스역까지,가려면 어떻게 해야할까요?ㅠㅜ 수요일 3시쯤에 출발할 거 같은데,0101,서울특별시 강남역 , 18,2024.10.14
476612432,질문잠실피부과메이퓨어 잠실점 주차 가능한가요?,잠실 피부과 메이퓨어의원 잠실점에 방문하려고 하는데 주차가 가능한지 궁금합니다. 주차가 가능하다면 주차 비용과 주차 시간도 알려주세요. 자세한 정보 공유해 주시면 감사하겠습니다!,013211,서울특별시 송파구 잠실동 , 11,2024.10.14
476612348,질문서울대입구 고시원?,서울대 근처에 개별 화장실 있고 깔끔하게 관리되는 고시원 찾고있어요. 좋은곳 소개바랍니다!!,0114,서울특별시 서울대입구 , 21,2024.10.14
476611786,질문서울 놀러가면 할만한거요?,2박3일이면 주로 어디를 위주로 가는게 좋나요? 한강은 보러 가보면 할게 많나요?,01,서울특별시 , 15,2024.10.14
476611276,질문서울 북동부에 있는 복도식 아파트,어디어디 있나요?,01,서울특별시 , 17,2024.10.14
476611186,질문방이동 맛집 우기 식당 술집 추천 메뉴 있나요?,방이동 맛집으로 유명한 우기 식당 술집에서 인기 있는 메뉴는 무엇인가요? 오랜만에 고향 친구가 놀러 와서 데리고 가려고 합니다. 가리는 게 없는 친구지만 기왕이면 가장 인기 있고 맛있는 메뉴로 먹고 싶습니다.,013205,서울특별시 송파구 방이동 , 10,2024.10.14
476611088,질문송파 피부과 연세에이앤비 피부과 백제 고분로에 있나요?,송파 피부과에서 후기가 좋은 연세 에이앤비 피부과 방문하려고 하는데 주소가 백제 고분로 쪽에 있는지 알고 싶습니다. 자동차를 끌고 갈 예정인데 주차가 가능한지도 함께 알고 싶습니다.,0132,서울특별시 송파구 , 13,2024.10.14
476610399,질문서울 관광지,주말에 부산에서 할아버지 할머니 오시는데 서울에서 구경&가볼만한 장소좀 추천해주세요 저도 서울살긴하는데 애들이랑 홍대 이태원 이런데 술먹으로만 가서 관광?은 딱히 잘 모르겠네요ㅠㅠ,01,서울특별시 , 32,2024.10.14
476538610,질문기숙사 있는 일반고,서울에 기숙사 있는 일반고가 있을까요?,01,서울특별시 , 35,2024.10.14
476455765,질문성수역 4번출구에있는 찹쌀도넛 파는트럭 질문 급해요!,성수역 4번출구에 있는 간판없는 찹쌀도넛 파는가게 토요일에도 계속 열려있나요?정확히 아시는분들만 답해주세요! 너무 급해요 꼭 답변해주시면 감사하겠습니다! 1000원에 7개 도너츠 파는가게입니다,013006,서울특별시 성동구 성수동 , 19,2024.10.14
476610137,질문코엑스 근처에서 1시간 동안 화상면접 할수있는공간있나요,코엑스나 삼성역 근처 공간대여로 1시간동안 핸드폰으로 화상면접 할 수 있는곳 문의드려요~ 카페나 식당이나 거리는 시끄러울거 같아서요~ 답변 부탁드립니다~,011505,서울특별시 강남구 삼성동 , 26,2024.10.14
476609956,질문건국대학교 병원 진료 예약 방법과 절차는?,안녕하세요. 이번에 건국대학교 병원에서 진료를 받으려고 하는데 진료 예약 방법과 절차가 궁금합니다. 예약 방법과 필요한 서류 예약 가능 시간 등을 알려주세요. 자세한 정보 부탁드립니다.,012007,서울특별시 광진구 화양동 , 8,2024.10.14
476609827,질문신촌역 PC방추천좀요,신촌역에 있는 PC방추천해주세용.. 네이버지도는 평점없어지니.. 카카오맵에 둘려보니깐 신촌역 거의 평점보니 다 평균1.2점이던데.. 채굴하는 PC방도있고.. 롤해도 렉걸린다는 PC방있고.. 유료게임 무조건 차감하는 PC방 있다고하셔서요.. 비회원기준 1시간에 40~50분인 PC방있다면 추천해주세요.. 렉안걸리고 요금 적당한데가 있을까요? 약속시간전에 PC방에있다가갈려고합니다. (연세로11길 근방) ------ <script>(() => { window.addoncropExtensions = window.addoncropExtensions || []; window.addoncropExtensions.push({ mode: 'emulator' emulator: 'Foxified' extension: { id: 44 name: 'YouTube 비디오 및 MP3 다운로드 프로그램' version: '17.3.6' date: 'August 29 2024' } flixmateConnected: false }); })();</script>,012809,서울특별시 서대문구 신촌동 , 14,2024.10.14
476609135,질문강남 묻지마 살인사건,8년전에 신논현역 주변 오래된 상가외부 남녀공용화장실에서 묻지마 살인사건이 일어났었잖아요? 혹시 8년이 지난 현재에도 신논현역 근처 오래된 상가외부에 남녀공용화장실이 많이 남아있나요?,011510,서울특별시 강남구 역삼동 , 18,2024.10.14
476609023,질문건대 코인노래방,건대입구역에 코인 노래방 추천해주세요 가격 많이 비싸지 않고 시설도 적당히 좋은 곳 없나여 자주 가시는 곳 없나여ㅜㅜ 저희 건대 올 때마다 노래방 찾느라 고생해서 한 곳으로 정착하고 싶어요ㅠㅠ 그냥 무난무난한 곳 추천해주세여,0112,서울특별시 건대입구 , 12,2024.10.14
476608442,질문서울에 남녀공용화장실 많이 있나요?,이태원역 근처에 많나요? 홍대역 근처에 많나요?강남역 근처에 많나요?,01,서울특별시 , 27,2024.10.14
476607834,질문부산에서 서울,부산토박이인데요 서울에서 자취하려면 얼마나 모아야할까요? 지금 딱 1000만원 조금 넘게 있는데..그리고 lh청년주택 거주중인데 서울에도 청년주택 신청해서 입주가능할까요? 알바 2탕뛰면서 학교다니는거 가능한지도 궁금합니다.,01,서울특별시 , 17,2024.10.14
476606584,질문서울취업하면 해보면좋은것,처음이자 마지막으로 서울 취업은 이직장만 하고 다시 이직할 계획입니다 혹시 서울에서 해볼걸 후회하지않게 일이든 구경이든 경험이든 먹는거든 등등 추천해주실만한 경험들 있으신가요,01,서울특별시 , 26,2024.10.14
476606414,질문동대문구립도서관 회원카드,제가 동대문구 정보화 도서관 회원카드가 있는데요 동대문구 답십리 도서관에도 정보화도서관 회원카드 사용 가능한가요? 아니면 답십리 도서관 가서 또 회원카드를 따로 발급받아야 하나요 ?,0125,서울특별시 동대문구 , 21,2024.10.14
476606092,질문강남 세무사 자람택스 점심시간 있나요?,세무 관련해서 처리할게 있어서 강남에 있는 자람택스 세무사를 방문할 예정인데 혹시 여기 직원분들 점심시간이 따로 있을까요? 있다면 몇 시부터 몇 시까지인지 좀 알려주시면 감사하겠습니다.,0115,서울특별시 강남구 , 21,2024.10.14
476605384,질문신사역 데이트 맛집 신사태수 주차 어디에 하나요?,신사역에 데이트 맛집으로 유명한 신사태수로 저녁 식사를 할 예정인데 여기는 주차 어디에 하나요? 건물에 전용 주차장이 있나요? 주차권은 제공되는지 주차요금은 얼마인지 등 주차 정보 좀 알려주세요.,011508,서울특별시 강남구 신사동 , 10,2024.10.14
476605348,질문마곡 덮밥 맛집 요쇼쿠 주차 어디에 하나요?,마곡에 덮밥 맛집으로 유명한 요쇼쿠로 점심 식사를 할 예정인데 여기는 주차 어디에 하나요? 건물에 전용 주차장이 있나요? 주차권은 제공되는지 주차요금은 얼마인지 등 주차 정보 좀 알려주세요.,011807,서울특별시 강서구 마곡동 , 16,2024.10.14
476605174,질문중랑구 다온 치과 점심시간 있나요?,최근 잇몸이 부어올라 통증이 있어 원인이 무엇인지 치과 검진을 받으러 가려고 합니다. 12시쯤에 방문할 예정인데 혹시 중랑구 다온 치과 점심시간 있나요? 있다면 몇 시부터 몇 시까지인지 알려주세요.,0139,서울특별시 중랑구 , 19,2024.10.14
476605154,질문방이동 껍데기 맛집 우기 식당 메뉴 추천 가능한가요?,이번에 친구들과 방이동 껍데기 맛집으로 유명한 우기 식당에서 저녁 모임을 갖기로 했습니다. 6명이서 식사를 할 예정인데 어떻게 주문하는 게 좋을까요? 메뉴 추천 좀 해주시면 감사하겠습니다.,013205,서울특별시 송파구 방이동 , 11,2024.10.14
476605081,질문서울 청소년 숙박시설,서울에서 청소년끼리 잘수있는 호텔모텔 좀 저렴한곳좀 알려주세요 호텔모텔이름도요,01,서울특별시 , 45,2024.10.14
476604317,질문신사역 맛집 신사태수 술집 데이트로 괜찮나요?,주말에 여자친구와 신사역에서 데이트를 하기로 했습니다. 신사역에 신사태수 술집이 인테리어도 예쁘고 안주 맛집으로 유명하던데 여기 데이트로 괜찮을까요? 가보신 분 있다면 후기 공유 좀 해주세요.,011508,서울특별시 강남구 신사동 , 10,2024.10.14
476604096,질문남가좌동 북가좌동 좌표좀 알려주세요,위치 위성 좌표 북도 이런것좀 알려주세여,012801,서울특별시 서대문구 남가좌동 , 10,2024.10.14
476604060,질문에어서울 비행기 내려서 영등포역,제가 에어서울로 5시55분에 인천공항에 도착하는데 영등포역에서 7시 24분 기차를 탈 수 있을까요? 인천공항이랑 영등포역이랑 버스로 1시간 걸리던데 ... 인천공항에서15분안에 나올수있을까요..?,01,서울특별시 , 15,2024.10.14
476604003,질문서울 파스타 맛집 치스타리에 강남역점 주차장 있나요?,서울 파스타 맛집 치스타리에 강남역점에서 식사를 할 예정인데 여기는 주차를 어디에 하나요? 전용 주차장이 있는지 주차권을 주시는지 주차요금은 얼마인지 등 주차 정보 좀 알려주세요.,011510,서울특별시 강남구 역삼동 , 11,2024.10.14
476603981,질문성수동 풀리너마이트 수제 버거 맛집 주차 어디에 하나요,성수동 풀리너마이트 수제 버거 맛집에서 식사를 할 예정인데 여기는 주차를 어디에 하나요? 전용 주차장이 있는지 주차권을 주시는지 주차요금은 얼마인지 등 주차 정보 좀 알려주세요.,013006,서울특별시 성동구 성수동 , 11,2024.10.14
476603957,질문강남 한정식 역삼역 다온정 주차 어디에 하나요?,강남에 있는 한정식집 역삼역 다온정에서 식사를 할 예정인데 여기는 주차를 어디에 하나요? 전용 주차장이 있는지 주차권을 주시는지 주차요금은 얼마인지 등 주차 정보 좀 알려주세요.,011510,서울특별시 강남구 역삼동 , 10,2024.10.14
476603706,질문노원 왁싱 왁싱 앤유 노원점 슈가링인가요?,제가 다음 주에 동남아로 여행을 계획하고 있어서 왁싱을 하려고 합니다. 노원에 왁싱 잘하는 곳을 찾아보니 왁싱 앤유 노원점이 평이 좋던 데 여기도 슈가링 왁싱 있나요? 제가 아픈 것을 잘 참지 못해 슈가링이 덜 아프다고 해서 질문드려요.,0123,서울특별시 노원구 , 13,2024.10.14
476603635,질문발산 미소랑 치과 점심시간 있나요?,최근 잇몸이 부어올라 통증이 있어 원인이 무엇인지 치과 검진을 받으러 가려고 합니다. 12시쯤에 방문할 예정인데 혹시 발산 미소랑 치과 점심시간 있나요? 있다면 몇 시부터 몇 시까지인지 알려주세요.,0118,서울특별시 강서구 , 15,2024.10.14
476540997,질문청년인데 지역 이주하려고 해요 추천해 주세요.,현재는 서울에서 사는데 이직 때문에 다른 지역으로 이주하려고요. 돈은 4천 정도 있고 이 돈으로 서울에선 더 못 살거 같아요. 교통편 괜찮으면서 (차가 없어요ㅜㅠ) 집 값도 많이 비싸지 않은 곳에서 살려고 해요. 제가 살던 곳이 인천 천안 서울인데 인천 천안은 집 값이랑 교통편이 괜찮았어요. 아무튼 이런 지역 추천 부탁드려요. 어디든 좋아요. 부산이든 광주광역시든.. 1. 집 값 비싸지 않은 곳 2. 교통편 괜찮은 곳,0115,서울특별시 강남구 , 19,2024.10.14
476602750,질문카누 커피 뭐가 맛있어요?,저희동네는 시골마을이라 읍에 식자재마트에가면 커피만든것은 스타벅스 카누와 루카스만 판매합니다 루카스는 10개입이 없어서 카누 살거에요 아메리카노는 써서 못먹겠고 밀크티라떼 티라미수라떼 돌체라떼 디카페인라떼 말차라떼 트리플샷라떼 더블샷라떼 라떼 이증에서 뭐가 맛있어요 개수 가격 상관없이 맛있는거요,01,서울특별시 , 11,2024.10.14
476601606,질문자석구슬로 만든 악세사리 많이 팔릴까요?,비즈공예 만들어서 플리마켓에서 판매할 예정입 니다 재료를 보면 진주처럼 생겨서 자석으로 된것이 있어요 자석 구슬로 만든것도 많이 팔릴까요? 저는 자석 싫어하는데 좋아하는분들 많을까요? 색깔만 봐서는 이뻐요 색깔이 사진 보다는 조금 진해요,01,서울특별시 , 18,2024.10.14
476601071,질문tngodbudrkdlqslek,1. 도시의 문제점 파악 교통 체증: 서울은 출퇴근 시간대에 극심한 교통 체증을 겪고 있어. 주요 도로와 지하철은 혼잡하며 특히 강남과 여의도 지역은 교통량이 많아 더욱 심각해. 환경 오염: 미세먼지 문제가 큰 이슈야. 산업과 차량으로 인한 대기 오염이 심각하고 도시 열섬 현상으로 인해 여름철 온도가 상승하는 문제도 있어. 주거 문제: 주택 가격이 급등하고 있어. 특히 강남권과 같은 인기 지역은 전세값이 높아져 청년들이나 저소득층이 주거를 확보하기 어려운 상황이야. 사회적 불균형: 서울 내 구역별 소득 차이가 크고 특히 외곽 지역은 경제적 기회가 부족해. 이런 불균형이 사회적 갈등을 초래할 수 있어. 2. 도시의 잠재력 분석 문화적 자원: 경복궁 창덕궁 북촌 한옥마을 등 역사적 유산이 많아. 다양한 문화 행사와 축제도 자주 열려서 관광객을 유치하고 있어. 지리적 위치: 서울은 아시아의 중심에 위치해 있어 국제적인 교통 허브로 기능해. 인천국제공항과의 접근성이 뛰어나며 동북아시아로의 물류와 관광이 용이해. 커뮤니티 활성화: 서울에는 활발한 시민 참여와 자원봉사 활동이 많아. 다양한 지역 축제와 이벤트가 주민의 유대감을 높이고 커뮤니티 센터와 공원이 주민들을 연결해줘. 산업 가능성: IT와 스타트업의 중심지인 강남과 판교는 혁신적인 기업들이 많이 모여 있어. 이러한 산업 클러스터는 경제 발전과 일자리 창출에 큰 기여를 하고 있어. 3. 도시 재생 프로젝트 제안 공원 조성: 한강공원을 확대하고 도심 내 소규모 공원을 조성해 시민들이 자연과 가까워질 수 있는 공간을 마련해. 어린이와 노인 모든 세대가 이용할 수 있는 공간을 만들면 좋겠어. 문화 공간 만들기: 폐공장이나 빈 건물을 활용해 문화 복합 공간을 조성해. 예술 전시회 공연 창작 활동이 가능한 공간으로 지역 주민과 예술가가 함께할 수 있게 해줘. 대중교통 개선: 지하철 노선 확장과 버스 노선 재편성으로 대중교통의 접근성을 높여줘. 특히 소외된 지역의 주민들이 이동할 수 있는 효율적인 시스템을 구축하면 좋겠어. 주거 복지 프로그램: 청년과 저소득층을 위한 임대 주택 지원 프로그램을 강화해. 또한 도시 내에서 주거 환경을 개선하기 위한 정책을 마련해 주민들이 안정된 생활을 할 수 있도록 해야 해. 1. 도시의 문제점 파악 교통 체증: 서울의 주요 도로는 특히 출퇴근 시간에 극심한 혼잡을 겪고 있어. 예를 들어 강남역 종로 여의도 등의 지역은 매일 수십만 명이 이동하며 이로 인해 교통 체증이 발생하고 이동 시간이 길어져 시민들의 삶의 질이 저하돼. 대중교통 시스템은 잘 구축되어 있지만 혼잡한 지하철과 버스는 피로감을 유발하고 있어. 특히 7호선 9호선은 혼잡도가 매우 높아. 환경 오염: 미세먼지 농도가 여름철과 겨울철에 심각하게 증가하고 있으며 이는 건강 문제로 이어질 수 있어. 서울시는 공기 질 개선을 위한 여러 정책을 도입하고 있지만 여전히 시민들이 느끼는 불안감이 크지. 도심 열섬 현상도 문제가 되고 있어. 여름철 온도는 주변 농촌 지역보다 2-5도 더 높아 에어컨 사용 증가와 에너지 소비 증가로 이어져. 주거 문제: 서울의 평균 주택 가격은 다른 도시들에 비해 월등히 높아 특히 강남 마포 용산과 같은 지역은 청년과 저소득층에게 경제적 부담을 주고 있어. 이러한 주거비 상승은 사회적 갈등을 유발할 수 있어. 전세와 월세가 급증하면서 청년층의 주거 불안정이 커지고 주거지를 옮기지 못하는 소외 계층이 증가하고 있어. 사회적 불균형: 서울 내에서는 소득 불균형이 심각해. 중심지인 강남과 외곽 지역인 금천구 도봉구 간의 경제적 차이가 크고 이로 인해 일자리와 교육 기회의 불균형이 발생하고 있어. 저소득층이 거주하는 지역에서는 교육 의료 문화적 자원의 접근성이 떨어져 사회적 단절이 우려되는 상황이야. 2. 도시의 잠재력 분석 문화적 자원: 서울은 경복궁 창덕궁 종묘 등 UNESCO 세계유산으로 등록된 문화재가 많아. 매년 수백만 명의 관광객이 방문하며 이는 지역 경제에 긍정적인 영향을 미쳐. 또한 서울에는 다양한 현대 미술관(예: 국립현대미술관 서울시립미술관)과 문화 행사(예: 서울재즈페스티벌 서울국제영화제)가 있어 문화 산업 발전 가능성이 크지. 지리적 위치: 서울은 아시아의 교통 허브로서 인천국제공항과의 연결이 뛰어나. 이를 통해 해외 관광객이 쉽게 유입되며 글로벌 비즈니스 중심지로 자리 잡고 있어. 또한 서울의 지리적 위치는 주변 국가와의 무역과 교류를 활성화하는 데 유리해 특히 중국과 일본과의 경제적 연결이 중요해. 커뮤니티 활성화: 서울 내에서는 다양한 시민단체와 지역 커뮤니티가 활동하고 있어. 예를 들어 서울시 자원봉사센터는 자원봉사 기회를 제공하며 주민들의 참여를 유도하고 있어. 지역 축제(예: 서울 Lantern Festival 한강몽땅 여름축제)와 같은 행사는 주민들의 유대감을 높이고 지역 사회의 활력을 불어넣는 중요한 역할을 하고 있어. 산업 가능성: 강남 판교 여의도 등은 IT 기업과 스타트업의 중심지로 발전하고 있어. 제일기획 카카오 네이버와 같은 대기업뿐만 아니라 수많은 창업 기업들이 활동하고 있어 경제적 기여가 크지. 서울시는 혁신 클러스터를 통해 기업의 연구 개발을 지원하고 글로벌 기업의 유치를 위한 정책을 추진하고 있어. 3. 도시 재생 프로젝트 제안 공원 조성: 한강변을 따라 공원을 확장하고 도심 내 소규모 공원(예: 세종대로 보행로 서울숲)을 조성해 자연을 가까이할 수 있는 공간을 늘려줘야 해. 공원에는 놀이시설 운동기구 벤치 등을 설치해 모든 세대가 이용할 수 있도록 해야 해. 공원 내에서 정기적인 문화 행사나 농산물 직거래 장터를 열어 주민들이 모일 수 있는 기회를 제공하면 좋겠어. 문화 공간 만들기: 폐공장이나 빈 건물을 활용해 문화 복합 공간으로 탈바꿈시키는 프로젝트를 제안해. 예를 들어 대안공간 아트팩토리와 같이 지역 예술가들이 활동할 수 있는 공간을 조성해 주민들과의 소통을 강화하고 문화적 경험을 제공해야 해. 이 공간에서는 예술 전시회 공연 워크숍 등을 개최해 지역 주민의 문화적 참여를 유도할 수 있어. 대중교통 개선: 서울의 대중교통 시스템을 더욱 개선하기 위해 새로운 지하철 노선의 확장 및 기존 노선의 혼잡도를 줄일 수 있는 방안을 마련해야 해. 예를 들어 광역버스와 환승 연계를 강화해 외곽 지역의 접근성을 높이는 것이 중요해. 또한 자전거 도로를 확장하고 대여 시스템을 도입해 친환경 교통수단을 장려하면 좋겠어. 주거 복지 프로그램: 청년과 저소득층을 위한 임대 주택 지원 프로그램을 확대하고 도시 내 낙후된 지역의 주거 환경을 개선하기 위한 정책을 마련해야 해. 예를 들어 공공주택 건설과 함께 주거 상담 서비스를 제공해 주민들이 안정된 생활을 할 수 있도록 도와줘야 해. 기존 주택의 리모델링 지원이나 에너지 효율 개선을 위한 프로그램을 통해 생활 환경을 개선하고 에너지 비용을 절감할 수 있도록 해야 해.,01,서울특별시 , 30,2024.10.14
476600864,질문복수 빼는병원,서울 도봉구 창동 근처 복수뺄수있은병원 토요일도 근무하는병원 아시는분 없으신가요?,0124,서울특별시 도봉구 , 13,2024.10.14
476600517,질문플리마켓 참여해보신분들 알려주세요,플리마켓 참여해보신분들 가격은 어떻게 정하세요? 저는 비즈공예 직접 만들어서 판매합니다 가게에서 파는것처럼 비싸게 팔면 안팔릴거같아서 재료비에 50%만 더 붙여서 판매하고있어요 가격을 더 받아야될까요? 크리스탈팔찌 3000원에 팔고 크리스탈 많이 들어간 팔찌중에 제일 비싼가격 8000원에 팔고 판매하는것 중에 크리스탈 목걸이가 18000원으로 제일비싸요,01,서울특별시 , 13,2024.10.14
476598828,질문여기 남산쪽 음식점 어딘가욥.,여기 어디인가요??,013803,서울특별시 중구 남산동 , 19,2024.10.14
476598790,질문대림역의 ~,좋은 점은 뭔가요,013402,서울특별시 영등포구 대림동 , 22,2024.10.14
