,문서 번호,제목,질문,위치 고유번호,위치,조회수,질문 날짜
0,475395637,질문미아사거리 놀 곳 어디 있는지 알려주세요,곳 가는데 갈 곳이 없어서요ㅜ 부탁드려요,011701,서울특별시 강북구 미아동 , 46,2024.09.15
1,476706618,질문캠퍼스타운역에서 만수역까지 가는 방법을 알려주세요.,제목이 곧 내용입니다,040607,인천광역시 남동구 만수동 , 18,2024.10.17
2,475351028,질문고양종합운동장 근처 포토이즘,고양종합운동장 근처에 포토이즘 있나요? 있다면 지점명 알려주세요! 콘서트 가는김에 응원봉이나 굿즈 들고 찍고싶어요,09050102,경기도 고양시 덕양구 고양동 , 113,2024.09.14
3,475395637,질문미아사거리 놀 곳 어디 있는지 알려주세요,곳 가는데 갈 곳이 없어서요ㅜ 부탁드려요,011701,서울특별시 강북구 미아동 , 46,2024.09.15
4,476706618,질문캠퍼스타운역에서 만수역까지 가는 방법을 알려주세요.,제목이 곧 내용입니다,040607,인천광역시 남동구 만수동 , 18,2024.10.17
5,475351028,질문고양종합운동장 근처 포토이즘,고양종합운동장 근처에 포토이즘 있나요? 있다면 지점명 알려주세요! 콘서트 가는김에 응원봉이나 굿즈 들고 찍고싶어요,09050102,경기도 고양시 덕양구 고양동 , 113,2024.09.14
6,476683768,질문역삼역의 특징,은 무엇인가요,011510,서울특별시 강남구 역삼동 , 22,2024.10.17
7,476654087,질문역삼 한의원 본디 점심시간 있나요?,최근 잦은 야근으로 어깨 통증이 있어 한의원에 침을 맞으러 가려고 합니다. 12시쯤에 방문할 예정인데 역삼 한의원 본디 점심시간 있나요? 있다면 몇 시부터 몇 시까지인지 알려주세요.,011510,서울특별시 강남구 역삼동 , 9,2024.10.15
8,476609135,질문강남 묻지마 살인사건,8년전에 신논현역 주변 오래된 상가외부 남녀공용화장실에서 묻지마 살인사건이 일어났었잖아요? 혹시 8년이 지난 현재에도 신논현역 근처 오래된 상가외부에 남녀공용화장실이 많이 남아있나요?,011510,서울특별시 강남구 역삼동 , 17,2024.10.14
9,476604003,질문서울 파스타 맛집 치스타리에 강남역점 주차장 있나요?,"서울 파스타 맛집 치스타리에 강남역점에서 식사를 할 예정인데 여기는 주차를 어디에 하나요? 전용 주차장이 있는지, 주차권을 주시는지, 주차요금은 얼마인지 등 주차 정보 좀 알려주세요.",011510,서울특별시 강남구 역삼동 , 10,2024.10.14
10,476683768,질문역삼역의 특징,은 무엇인가요,011510,서울특별시 강남구 역삼동 , 22,2024.10.17
11,476654087,질문역삼 한의원 본디 점심시간 있나요?,최근 잦은 야근으로 어깨 통증이 있어 한의원에 침을 맞으러 가려고 합니다. 12시쯤에 방문할 예정인데 역삼 한의원 본디 점심시간 있나요? 있다면 몇 시부터 몇 시까지인지 알려주세요.,011510,서울특별시 강남구 역삼동 , 10,2024.10.15
12,476609135,질문강남 묻지마 살인사건,8년전에 신논현역 주변 오래된 상가외부 남녀공용화장실에서 묻지마 살인사건이 일어났었잖아요? 혹시 8년이 지난 현재에도 신논현역 근처 오래된 상가외부에 남녀공용화장실이 많이 남아있나요?,011510,서울특별시 강남구 역삼동 , 18,2024.10.14
13,476604003,질문서울 파스타 맛집 치스타리에 강남역점 주차장 있나요?,"서울 파스타 맛집 치스타리에 강남역점에서 식사를 할 예정인데 여기는 주차를 어디에 하나요? 전용 주차장이 있는지, 주차권을 주시는지, 주차요금은 얼마인지 등 주차 정보 좀 알려주세요.",011510,서울특별시 강남구 역삼동 , 11,2024.10.14
14,476603957,질문강남 한정식 역삼역 다온정 주차 어디에 하나요?,"강남에 있는 한정식집 역삼역 다온정에서 식사를 할 예정인데 여기는 주차를 어디에 하나요? 전용 주차장이 있는지, 주차권을 주시는지, 주차요금은 얼마인지 등 주차 정보 좀 알려주세요.",011510,서울특별시 강남구 역삼동 , 9,2024.10.14
15,476497100,질문종각역 맛집 솔솥 종로 타워점 주차 어디에 하나요?,"종각역 맛집으로 유명한 솔솥 종로 타워점을 가보려고 하는데 여기는 주차를 어디에 해야 하나요? 전용 주차장이 있는지, 주차비 지원이 되는지 궁금합니다. 주차 정보 좀 알려주시면 감사하겠습니다.",011510,서울특별시 강남구 역삼동 , 13,2024.10.11
16,476495190,질문역삼동 고기집 역삼돈 추천 메뉴 있을까요?,"숙성육을 좋아하는 편인데, 역삼동을 대표하는 돼지 숙성 전문점이 있다고 해서 역삼돈을 방문하려고 합니다. 대표 메뉴 말고도 함께 곁들여 먹기 좋은 추천 사이드 메뉴가 있다면 추천 부탁드립니다.",011510,서울특별시 강남구 역삼동 , 14,2024.10.11
17,476415107,질문고딩 엄마 역할 해 주실 4-50대 여성분 구해요,*쓸데없는 잔소리 답변 거절합니다. 불편하면 걍 넘기세요 저는 고등학교 2학년 여학생이구요 시술받으러 갈때 엄마 역할 해 주실 분 구해요 날짜는 상의 후에 정해요 동반해서 가야하면 3만원 드리고 +버스비 전화연결로 하게되면 1만원 드려요 (전화연결은 정말 간단해서 1분도 안걸립니다.) 만약 동반으로 가야한다면 병원앞에서 만나서 들어가서 상담할때 보호자 동의만 해 주시면 (제 기본 정보먼저 숙지하시고) 제가 알아서 다하고 병원 나와서 바로 이체해드리고 헤어지면 됩니다! (30분도 안걸려요) 시술받을 병원은 역삼동이구요. 여러번 해봤습니다. 가능하신분 여기 옾챗으로 연락 주세요! 날짜랑 시간은 저랑 상의하시고 편한대로 정해요 카카오톡 오픈채팅을 시작해 보세요. 링크를 선택하면 카카오톡이 실행됩니다. 시술 https://open.kakao.com/o/sbqIXBTg,011510,서울특별시 강남구 역삼동 , 21,2024.10.09
18,476207012,질문서울역에서 강남데시앙루브오피스텔 가기,안녕하세요 태어나서 처음으로 서울갑니다  부산서 새벽기차타고 서울역 내려서 강남 데시앙루브 오피스텔 갈려구요 초행길이고 처음으로 서울갑니다 서울역내려서 강남 데시앙루브 가는길 좀 부탁드려요  자세히 가장 쉬운 방법으로 알려주시길 부탁드려요 또 시간은 얼마나 걸릴까요? 지식인 님들  조언 부탁드립니다,011510,서울특별시 강남구 역삼동 , 28,작성일2024.10.08
19,476315116,질문신논현역 양식 맛집 치스타리에 메뉴 어떤 게 맛있나요?,"신논현역 근처에서 친구들과 청첩장 모임을 가지려고 하는데, 가성비 좋고 양식 맛집으로 유명한 치스타리에로 예약하려고 합니다. 예약 방법과 메뉴 추천 부탁드립니다. 인원은 5명입니다.",011510,서울특별시 강남구 역삼동 , 13,2024.10.07
20,476308707,"질문서울 강남역,신논현역 근처 상가","서울 강남역,신논현역 근처 주변 상가들에 남녀공용화장실이 엄청 많나요?",011510,서울특별시 강남구 역삼동 , 16,2024.10.07
21,476196023,질문매봉역 코지로 맛집이라는데 추천 메뉴 있나요?,매봉역 근처에 코지로는 일본식 이자카야가 있다고 들었습니다. 나가사키 짬뽕이랑 오코노미야끼가 맛있다는데 방문해보신 분이 계시다면 그 외에도 맛있는 메뉴 추천 부탁드립니다. 그리고 혹시 판매하는 사케 종류가 어떤게 있을지 궁금합니다.,011510,서울특별시 강남구 역삼동 , 12,2024.10.04
22,476190713,질문강남초이스정형외과 역삼동 정형외과 병원 위치?,강남 초이스정형외과 역삼동 병원 위치가 어떻게 되나요? 또 도수치료나 물리치료 등의 치료 방법이나 비용 등도 함께 알려주시면 감사하겠습니다. 방문 전에 궁금한 점이 많아서 질문 드립니다. 감사합니다.,011510,서울특별시 강남구 역삼동 , 13,2024.10.04
23,476188037,질문천안 신부동에서 서울 역삼동 탑차 용달 단순운송...,천안 신부동에서 서울 역삼동 탑차 용달 단순운송 평일 저녁 견적좀 부탁드립니다.,011510,서울특별시 강남구 역삼동 , 32,2024.10.04
24,476100899,질문강변역 주변에 사시는 분들,강변역 근처에 포장마차가 있다고 들었는데 뭐 철거한다는 말이 있어서...ㅠ 확실하게 영업하거나 안하는 것에 대해서 정보 아시는분들 말씀 부탁드립니다 ㅎㅎ,011510,서울특별시 강남구 역삼동 , 17,2024.10.02
25,475997411,"질문서초역,교대역,방배역 근처 피부옴진단 피부과","서초역, 교대역, 방배역 근처에 진드기 및 피부 옴 을 진단해주는 피부과 혹시 없을까요? 대충 대충 봐주는곳말고 면밀하게 진찰해주는 피부과 추천 해주세요",011510,서울특별시 강남구 역삼동 , 28,작성일2024.10.01
26,476032174,질문신정역 1 번 출구쪽 재개발?,신정역 1벌 출구쪽 재개발 얘기가 나오던데 재개발 확정인건가요? 확정이면 보통 언제 퇴거 시작하는지 궁긍하네요,011510,서울특별시 강남구 역삼동 , 19,2024.09.30
27,476025337,질문서울 강남 선릉역에 가야하는데,지인아들 결혼식을 서울에 가야 하는데 선릉역으로 가는데 대중교통을 이용하는데 뭐가 좋은가 해서요 전철이든 버스든 관계없습니다 난 춘천역경춘선) -별내역(8호석)-잠실(2호선)-선릉역을 보았는데 누나친구가 거기는 고생한다고 하니 차라리 버스가 편하다고 하니 그리고 서울가서 환승하려고 하니 더 복잡할것 같고 그래서요 고민입니다 좋은 답변 부탁드립니다,011510,서울특별시 강남구 역삼동 , 20,2024.09.30
28,475848091,질문강남역주변 점심식사 모임장소추천요,강남역주변 쟈철역에서 도보5분-10분이내면좋겟어요 칭구들점심 먹으려하는데요 브런치카폐나 파스타맛집 이쁘고 깔금한장소 찿습니다 강남역 자주는안가지만 세세히  길을 잘사실 몰라서요 추천부탁드려요 점심먹고 이쁜카폐가서 커피한잔할거구요 이역시 sns 핫한 사진잘나오는 카폐알려주세요 강남역에서 반포 새빛둥둥섬 어떻게 가야할까요 강남역주변 즐길거리 있는지도 알고싶습니다,011510,서울특별시 강남구 역삼동 , 20,2024.09.26
29,475847158,질문강남역 근처 수육전골 어디가 맛있나요?,강남역 수육전골 맛집 추천해주세요. 친구들과 강남역에서 만나기로 했는데 최근 날씨가 선선해져서 수육전골을 먹기로 했습니다. 강남역에 수육전골 맛집이 있을까요? 분위기도 좋고 맛도 좋은 곳으로 추천해주세요.,011510,서울특별시 강남구 역삼동 , 21,2024.09.26
30,476683768,질문역삼역의 특징,은 무엇인가요,011510,서울특별시 강남구 역삼동 , 22,2024.10.17
31,476654087,질문역삼 한의원 본디 점심시간 있나요?,최근 잦은 야근으로 어깨 통증이 있어 한의원에 침을 맞으러 가려고 합니다. 12시쯤에 방문할 예정인데 역삼 한의원 본디 점심시간 있나요? 있다면 몇 시부터 몇 시까지인지 알려주세요.,011510,서울특별시 강남구 역삼동 , 10,2024.10.15
32,476609135,질문강남 묻지마 살인사건,8년전에 신논현역 주변 오래된 상가외부 남녀공용화장실에서 묻지마 살인사건이 일어났었잖아요? 혹시 8년이 지난 현재에도 신논현역 근처 오래된 상가외부에 남녀공용화장실이 많이 남아있나요?,011510,서울특별시 강남구 역삼동 , 18,2024.10.14
33,476604003,질문서울 파스타 맛집 치스타리에 강남역점 주차장 있나요?,"서울 파스타 맛집 치스타리에 강남역점에서 식사를 할 예정인데 여기는 주차를 어디에 하나요? 전용 주차장이 있는지, 주차권을 주시는지, 주차요금은 얼마인지 등 주차 정보 좀 알려주세요.",011510,서울특별시 강남구 역삼동 , 11,2024.10.14
34,476603957,질문강남 한정식 역삼역 다온정 주차 어디에 하나요?,"강남에 있는 한정식집 역삼역 다온정에서 식사를 할 예정인데 여기는 주차를 어디에 하나요? 전용 주차장이 있는지, 주차권을 주시는지, 주차요금은 얼마인지 등 주차 정보 좀 알려주세요.",011510,서울특별시 강남구 역삼동 , 10,2024.10.14
35,476497100,질문종각역 맛집 솔솥 종로 타워점 주차 어디에 하나요?,"종각역 맛집으로 유명한 솔솥 종로 타워점을 가보려고 하는데 여기는 주차를 어디에 해야 하나요? 전용 주차장이 있는지, 주차비 지원이 되는지 궁금합니다. 주차 정보 좀 알려주시면 감사하겠습니다.",011510,서울특별시 강남구 역삼동 , 13,2024.10.11
36,476495190,질문역삼동 고기집 역삼돈 추천 메뉴 있을까요?,"숙성육을 좋아하는 편인데, 역삼동을 대표하는 돼지 숙성 전문점이 있다고 해서 역삼돈을 방문하려고 합니다. 대표 메뉴 말고도 함께 곁들여 먹기 좋은 추천 사이드 메뉴가 있다면 추천 부탁드립니다.",011510,서울특별시 강남구 역삼동 , 15,2024.10.11
37,476415107,질문고딩 엄마 역할 해 주실 4-50대 여성분 구해요,*쓸데없는 잔소리 답변 거절합니다. 불편하면 걍 넘기세요 저는 고등학교 2학년 여학생이구요 시술받으러 갈때 엄마 역할 해 주실 분 구해요 날짜는 상의 후에 정해요 동반해서 가야하면 3만원 드리고 +버스비 전화연결로 하게되면 1만원 드려요 (전화연결은 정말 간단해서 1분도 안걸립니다.) 만약 동반으로 가야한다면 병원앞에서 만나서 들어가서 상담할때 보호자 동의만 해 주시면 (제 기본 정보먼저 숙지하시고) 제가 알아서 다하고 병원 나와서 바로 이체해드리고 헤어지면 됩니다! (30분도 안걸려요) 시술받을 병원은 역삼동이구요. 여러번 해봤습니다. 가능하신분 여기 옾챗으로 연락 주세요! 날짜랑 시간은 저랑 상의하시고 편한대로 정해요 카카오톡 오픈채팅을 시작해 보세요. 링크를 선택하면 카카오톡이 실행됩니다. 시술 https://open.kakao.com/o/sbqIXBTg,011510,서울특별시 강남구 역삼동 , 21,2024.10.09
38,476207012,질문서울역에서 강남데시앙루브오피스텔 가기,안녕하세요 태어나서 처음으로 서울갑니다  부산서 새벽기차타고 서울역 내려서 강남 데시앙루브 오피스텔 갈려구요 초행길이고 처음으로 서울갑니다 서울역내려서 강남 데시앙루브 가는길 좀 부탁드려요  자세히 가장 쉬운 방법으로 알려주시길 부탁드려요 또 시간은 얼마나 걸릴까요? 지식인 님들  조언 부탁드립니다,011510,서울특별시 강남구 역삼동 , 28,작성일2024.10.08
39,476315116,질문신논현역 양식 맛집 치스타리에 메뉴 어떤 게 맛있나요?,"신논현역 근처에서 친구들과 청첩장 모임을 가지려고 하는데, 가성비 좋고 양식 맛집으로 유명한 치스타리에로 예약하려고 합니다. 예약 방법과 메뉴 추천 부탁드립니다. 인원은 5명입니다.",011510,서울특별시 강남구 역삼동 , 13,2024.10.07
40,476308707,"질문서울 강남역,신논현역 근처 상가","서울 강남역,신논현역 근처 주변 상가들에 남녀공용화장실이 엄청 많나요?",011510,서울특별시 강남구 역삼동 , 17,2024.10.07
41,476196023,질문매봉역 코지로 맛집이라는데 추천 메뉴 있나요?,매봉역 근처에 코지로는 일본식 이자카야가 있다고 들었습니다. 나가사키 짬뽕이랑 오코노미야끼가 맛있다는데 방문해보신 분이 계시다면 그 외에도 맛있는 메뉴 추천 부탁드립니다. 그리고 혹시 판매하는 사케 종류가 어떤게 있을지 궁금합니다.,011510,서울특별시 강남구 역삼동 , 13,2024.10.04
42,476190713,질문강남초이스정형외과 역삼동 정형외과 병원 위치?,강남 초이스정형외과 역삼동 병원 위치가 어떻게 되나요? 또 도수치료나 물리치료 등의 치료 방법이나 비용 등도 함께 알려주시면 감사하겠습니다. 방문 전에 궁금한 점이 많아서 질문 드립니다. 감사합니다.,011510,서울특별시 강남구 역삼동 , 13,2024.10.04
43,476188037,질문천안 신부동에서 서울 역삼동 탑차 용달 단순운송...,천안 신부동에서 서울 역삼동 탑차 용달 단순운송 평일 저녁 견적좀 부탁드립니다.,011510,서울특별시 강남구 역삼동 , 32,2024.10.04
44,476100899,질문강변역 주변에 사시는 분들,강변역 근처에 포장마차가 있다고 들었는데 뭐 철거한다는 말이 있어서...ㅠ 확실하게 영업하거나 안하는 것에 대해서 정보 아시는분들 말씀 부탁드립니다 ㅎㅎ,011510,서울특별시 강남구 역삼동 , 18,2024.10.02
45,475997411,"질문서초역,교대역,방배역 근처 피부옴진단 피부과","서초역, 교대역, 방배역 근처에 진드기 및 피부 옴 을 진단해주는 피부과 혹시 없을까요? 대충 대충 봐주는곳말고 면밀하게 진찰해주는 피부과 추천 해주세요",011510,서울특별시 강남구 역삼동 , 28,작성일2024.10.01
46,476032174,질문신정역 1 번 출구쪽 재개발?,신정역 1벌 출구쪽 재개발 얘기가 나오던데 재개발 확정인건가요? 확정이면 보통 언제 퇴거 시작하는지 궁긍하네요,011510,서울특별시 강남구 역삼동 , 19,2024.09.30
47,476025337,질문서울 강남 선릉역에 가야하는데,지인아들 결혼식을 서울에 가야 하는데 선릉역으로 가는데 대중교통을 이용하는데 뭐가 좋은가 해서요 전철이든 버스든 관계없습니다 난 춘천역경춘선) -별내역(8호석)-잠실(2호선)-선릉역을 보았는데 누나친구가 거기는 고생한다고 하니 차라리 버스가 편하다고 하니 그리고 서울가서 환승하려고 하니 더 복잡할것 같고 그래서요 고민입니다 좋은 답변 부탁드립니다,011510,서울특별시 강남구 역삼동 , 20,2024.09.30
48,475848091,질문강남역주변 점심식사 모임장소추천요,강남역주변 쟈철역에서 도보5분-10분이내면좋겟어요 칭구들점심 먹으려하는데요 브런치카폐나 파스타맛집 이쁘고 깔금한장소 찿습니다 강남역 자주는안가지만 세세히  길을 잘사실 몰라서요 추천부탁드려요 점심먹고 이쁜카폐가서 커피한잔할거구요 이역시 sns 핫한 사진잘나오는 카폐알려주세요 강남역에서 반포 새빛둥둥섬 어떻게 가야할까요 강남역주변 즐길거리 있는지도 알고싶습니다,011510,서울특별시 강남구 역삼동 , 20,2024.09.26
49,475847158,질문강남역 근처 수육전골 어디가 맛있나요?,강남역 수육전골 맛집 추천해주세요. 친구들과 강남역에서 만나기로 했는데 최근 날씨가 선선해져서 수육전골을 먹기로 했습니다. 강남역에 수육전골 맛집이 있을까요? 분위기도 좋고 맛도 좋은 곳으로 추천해주세요.,011510,서울특별시 강남구 역삼동 , 21,2024.09.26
50,476683768,질문역삼역의 특징,은 무엇인가요,011510,서울특별시 강남구 역삼동 , 22,2024.10.17
51,476654087,질문역삼 한의원 본디 점심시간 있나요?,최근 잦은 야근으로 어깨 통증이 있어 한의원에 침을 맞으러 가려고 합니다. 12시쯤에 방문할 예정인데 역삼 한의원 본디 점심시간 있나요? 있다면 몇 시부터 몇 시까지인지 알려주세요.,011510,서울특별시 강남구 역삼동 , 10,2024.10.15
52,476609135,질문강남 묻지마 살인사건,8년전에 신논현역 주변 오래된 상가외부 남녀공용화장실에서 묻지마 살인사건이 일어났었잖아요? 혹시 8년이 지난 현재에도 신논현역 근처 오래된 상가외부에 남녀공용화장실이 많이 남아있나요?,011510,서울특별시 강남구 역삼동 , 18,2024.10.14
53,476604003,질문서울 파스타 맛집 치스타리에 강남역점 주차장 있나요?,"서울 파스타 맛집 치스타리에 강남역점에서 식사를 할 예정인데 여기는 주차를 어디에 하나요? 전용 주차장이 있는지, 주차권을 주시는지, 주차요금은 얼마인지 등 주차 정보 좀 알려주세요.",011510,서울특별시 강남구 역삼동 , 11,2024.10.14
54,476603957,질문강남 한정식 역삼역 다온정 주차 어디에 하나요?,"강남에 있는 한정식집 역삼역 다온정에서 식사를 할 예정인데 여기는 주차를 어디에 하나요? 전용 주차장이 있는지, 주차권을 주시는지, 주차요금은 얼마인지 등 주차 정보 좀 알려주세요.",011510,서울특별시 강남구 역삼동 , 10,2024.10.14
55,476497100,질문종각역 맛집 솔솥 종로 타워점 주차 어디에 하나요?,"종각역 맛집으로 유명한 솔솥 종로 타워점을 가보려고 하는데 여기는 주차를 어디에 해야 하나요? 전용 주차장이 있는지, 주차비 지원이 되는지 궁금합니다. 주차 정보 좀 알려주시면 감사하겠습니다.",011510,서울특별시 강남구 역삼동 , 13,2024.10.11
56,476495190,질문역삼동 고기집 역삼돈 추천 메뉴 있을까요?,"숙성육을 좋아하는 편인데, 역삼동을 대표하는 돼지 숙성 전문점이 있다고 해서 역삼돈을 방문하려고 합니다. 대표 메뉴 말고도 함께 곁들여 먹기 좋은 추천 사이드 메뉴가 있다면 추천 부탁드립니다.",011510,서울특별시 강남구 역삼동 , 15,2024.10.11
57,476415107,질문고딩 엄마 역할 해 주실 4-50대 여성분 구해요,*쓸데없는 잔소리 답변 거절합니다. 불편하면 걍 넘기세요 저는 고등학교 2학년 여학생이구요 시술받으러 갈때 엄마 역할 해 주실 분 구해요 날짜는 상의 후에 정해요 동반해서 가야하면 3만원 드리고 +버스비 전화연결로 하게되면 1만원 드려요 (전화연결은 정말 간단해서 1분도 안걸립니다.) 만약 동반으로 가야한다면 병원앞에서 만나서 들어가서 상담할때 보호자 동의만 해 주시면 (제 기본 정보먼저 숙지하시고) 제가 알아서 다하고 병원 나와서 바로 이체해드리고 헤어지면 됩니다! (30분도 안걸려요) 시술받을 병원은 역삼동이구요. 여러번 해봤습니다. 가능하신분 여기 옾챗으로 연락 주세요! 날짜랑 시간은 저랑 상의하시고 편한대로 정해요 카카오톡 오픈채팅을 시작해 보세요. 링크를 선택하면 카카오톡이 실행됩니다. 시술 https://open.kakao.com/o/sbqIXBTg,011510,서울특별시 강남구 역삼동 , 21,2024.10.09
58,476207012,질문서울역에서 강남데시앙루브오피스텔 가기,안녕하세요 태어나서 처음으로 서울갑니다  부산서 새벽기차타고 서울역 내려서 강남 데시앙루브 오피스텔 갈려구요 초행길이고 처음으로 서울갑니다 서울역내려서 강남 데시앙루브 가는길 좀 부탁드려요  자세히 가장 쉬운 방법으로 알려주시길 부탁드려요 또 시간은 얼마나 걸릴까요? 지식인 님들  조언 부탁드립니다,011510,서울특별시 강남구 역삼동 , 29,작성일2024.10.08
59,476315116,질문신논현역 양식 맛집 치스타리에 메뉴 어떤 게 맛있나요?,"신논현역 근처에서 친구들과 청첩장 모임을 가지려고 하는데, 가성비 좋고 양식 맛집으로 유명한 치스타리에로 예약하려고 합니다. 예약 방법과 메뉴 추천 부탁드립니다. 인원은 5명입니다.",011510,서울특별시 강남구 역삼동 , 13,2024.10.07
60,476308707,"질문서울 강남역,신논현역 근처 상가","서울 강남역,신논현역 근처 주변 상가들에 남녀공용화장실이 엄청 많나요?",011510,서울특별시 강남구 역삼동 , 17,2024.10.07
61,476196023,질문매봉역 코지로 맛집이라는데 추천 메뉴 있나요?,매봉역 근처에 코지로는 일본식 이자카야가 있다고 들었습니다. 나가사키 짬뽕이랑 오코노미야끼가 맛있다는데 방문해보신 분이 계시다면 그 외에도 맛있는 메뉴 추천 부탁드립니다. 그리고 혹시 판매하는 사케 종류가 어떤게 있을지 궁금합니다.,011510,서울특별시 강남구 역삼동 , 13,2024.10.04
62,476190713,질문강남초이스정형외과 역삼동 정형외과 병원 위치?,강남 초이스정형외과 역삼동 병원 위치가 어떻게 되나요? 또 도수치료나 물리치료 등의 치료 방법이나 비용 등도 함께 알려주시면 감사하겠습니다. 방문 전에 궁금한 점이 많아서 질문 드립니다. 감사합니다.,011510,서울특별시 강남구 역삼동 , 13,2024.10.04
63,476188037,질문천안 신부동에서 서울 역삼동 탑차 용달 단순운송...,천안 신부동에서 서울 역삼동 탑차 용달 단순운송 평일 저녁 견적좀 부탁드립니다.,011510,서울특별시 강남구 역삼동 , 32,2024.10.04
64,476100899,질문강변역 주변에 사시는 분들,강변역 근처에 포장마차가 있다고 들었는데 뭐 철거한다는 말이 있어서...ㅠ 확실하게 영업하거나 안하는 것에 대해서 정보 아시는분들 말씀 부탁드립니다 ㅎㅎ,011510,서울특별시 강남구 역삼동 , 18,2024.10.02
65,475997411,"질문서초역,교대역,방배역 근처 피부옴진단 피부과","서초역, 교대역, 방배역 근처에 진드기 및 피부 옴 을 진단해주는 피부과 혹시 없을까요? 대충 대충 봐주는곳말고 면밀하게 진찰해주는 피부과 추천 해주세요",011510,서울특별시 강남구 역삼동 , 28,작성일2024.10.01
66,476032174,질문신정역 1 번 출구쪽 재개발?,신정역 1벌 출구쪽 재개발 얘기가 나오던데 재개발 확정인건가요? 확정이면 보통 언제 퇴거 시작하는지 궁긍하네요,011510,서울특별시 강남구 역삼동 , 19,2024.09.30
67,476025337,질문서울 강남 선릉역에 가야하는데,지인아들 결혼식을 서울에 가야 하는데 선릉역으로 가는데 대중교통을 이용하는데 뭐가 좋은가 해서요 전철이든 버스든 관계없습니다 난 춘천역경춘선) -별내역(8호석)-잠실(2호선)-선릉역을 보았는데 누나친구가 거기는 고생한다고 하니 차라리 버스가 편하다고 하니 그리고 서울가서 환승하려고 하니 더 복잡할것 같고 그래서요 고민입니다 좋은 답변 부탁드립니다,011510,서울특별시 강남구 역삼동 , 21,2024.09.30
68,475848091,질문강남역주변 점심식사 모임장소추천요,강남역주변 쟈철역에서 도보5분-10분이내면좋겟어요 칭구들점심 먹으려하는데요 브런치카폐나 파스타맛집 이쁘고 깔금한장소 찿습니다 강남역 자주는안가지만 세세히  길을 잘사실 몰라서요 추천부탁드려요 점심먹고 이쁜카폐가서 커피한잔할거구요 이역시 sns 핫한 사진잘나오는 카폐알려주세요 강남역에서 반포 새빛둥둥섬 어떻게 가야할까요 강남역주변 즐길거리 있는지도 알고싶습니다,011510,서울특별시 강남구 역삼동 , 20,2024.09.26
69,475847158,질문강남역 근처 수육전골 어디가 맛있나요?,강남역 수육전골 맛집 추천해주세요. 친구들과 강남역에서 만나기로 했는데 최근 날씨가 선선해져서 수육전골을 먹기로 했습니다. 강남역에 수육전골 맛집이 있을까요? 분위기도 좋고 맛도 좋은 곳으로 추천해주세요.,011510,서울특별시 강남구 역삼동 , 22,2024.09.26
70,476683768,질문역삼역의 특징,은 무엇인가요,011510,서울특별시 강남구 역삼동 , 22,2024.10.17
71,476654087,질문역삼 한의원 본디 점심시간 있나요?,최근 잦은 야근으로 어깨 통증이 있어 한의원에 침을 맞으러 가려고 합니다. 12시쯤에 방문할 예정인데 역삼 한의원 본디 점심시간 있나요? 있다면 몇 시부터 몇 시까지인지 알려주세요.,011510,서울특별시 강남구 역삼동 , 10,2024.10.15
72,476609135,질문강남 묻지마 살인사건,8년전에 신논현역 주변 오래된 상가외부 남녀공용화장실에서 묻지마 살인사건이 일어났었잖아요? 혹시 8년이 지난 현재에도 신논현역 근처 오래된 상가외부에 남녀공용화장실이 많이 남아있나요?,011510,서울특별시 강남구 역삼동 , 18,2024.10.14
73,476604003,질문서울 파스타 맛집 치스타리에 강남역점 주차장 있나요?,"서울 파스타 맛집 치스타리에 강남역점에서 식사를 할 예정인데 여기는 주차를 어디에 하나요? 전용 주차장이 있는지, 주차권을 주시는지, 주차요금은 얼마인지 등 주차 정보 좀 알려주세요.",011510,서울특별시 강남구 역삼동 , 11,2024.10.14
74,476603957,질문강남 한정식 역삼역 다온정 주차 어디에 하나요?,"강남에 있는 한정식집 역삼역 다온정에서 식사를 할 예정인데 여기는 주차를 어디에 하나요? 전용 주차장이 있는지, 주차권을 주시는지, 주차요금은 얼마인지 등 주차 정보 좀 알려주세요.",011510,서울특별시 강남구 역삼동 , 10,2024.10.14
75,476497100,질문종각역 맛집 솔솥 종로 타워점 주차 어디에 하나요?,"종각역 맛집으로 유명한 솔솥 종로 타워점을 가보려고 하는데 여기는 주차를 어디에 해야 하나요? 전용 주차장이 있는지, 주차비 지원이 되는지 궁금합니다. 주차 정보 좀 알려주시면 감사하겠습니다.",011510,서울특별시 강남구 역삼동 , 14,2024.10.11
76,476495190,질문역삼동 고기집 역삼돈 추천 메뉴 있을까요?,"숙성육을 좋아하는 편인데, 역삼동을 대표하는 돼지 숙성 전문점이 있다고 해서 역삼돈을 방문하려고 합니다. 대표 메뉴 말고도 함께 곁들여 먹기 좋은 추천 사이드 메뉴가 있다면 추천 부탁드립니다.",011510,서울특별시 강남구 역삼동 , 15,2024.10.11
77,476415107,질문고딩 엄마 역할 해 주실 4-50대 여성분 구해요,*쓸데없는 잔소리 답변 거절합니다. 불편하면 걍 넘기세요 저는 고등학교 2학년 여학생이구요 시술받으러 갈때 엄마 역할 해 주실 분 구해요 날짜는 상의 후에 정해요 동반해서 가야하면 3만원 드리고 +버스비 전화연결로 하게되면 1만원 드려요 (전화연결은 정말 간단해서 1분도 안걸립니다.) 만약 동반으로 가야한다면 병원앞에서 만나서 들어가서 상담할때 보호자 동의만 해 주시면 (제 기본 정보먼저 숙지하시고) 제가 알아서 다하고 병원 나와서 바로 이체해드리고 헤어지면 됩니다! (30분도 안걸려요) 시술받을 병원은 역삼동이구요. 여러번 해봤습니다. 가능하신분 여기 옾챗으로 연락 주세요! 날짜랑 시간은 저랑 상의하시고 편한대로 정해요 카카오톡 오픈채팅을 시작해 보세요. 링크를 선택하면 카카오톡이 실행됩니다. 시술 https://open.kakao.com/o/sbqIXBTg,011510,서울특별시 강남구 역삼동 , 21,2024.10.09
78,476207012,질문서울역에서 강남데시앙루브오피스텔 가기,안녕하세요 태어나서 처음으로 서울갑니다  부산서 새벽기차타고 서울역 내려서 강남 데시앙루브 오피스텔 갈려구요 초행길이고 처음으로 서울갑니다 서울역내려서 강남 데시앙루브 가는길 좀 부탁드려요  자세히 가장 쉬운 방법으로 알려주시길 부탁드려요 또 시간은 얼마나 걸릴까요? 지식인 님들  조언 부탁드립니다,011510,서울특별시 강남구 역삼동 , 29,작성일2024.10.08
79,476315116,질문신논현역 양식 맛집 치스타리에 메뉴 어떤 게 맛있나요?,"신논현역 근처에서 친구들과 청첩장 모임을 가지려고 하는데, 가성비 좋고 양식 맛집으로 유명한 치스타리에로 예약하려고 합니다. 예약 방법과 메뉴 추천 부탁드립니다. 인원은 5명입니다.",011510,서울특별시 강남구 역삼동 , 13,2024.10.07
80,476308707,"질문서울 강남역,신논현역 근처 상가","서울 강남역,신논현역 근처 주변 상가들에 남녀공용화장실이 엄청 많나요?",011510,서울특별시 강남구 역삼동 , 17,2024.10.07
81,476196023,질문매봉역 코지로 맛집이라는데 추천 메뉴 있나요?,매봉역 근처에 코지로는 일본식 이자카야가 있다고 들었습니다. 나가사키 짬뽕이랑 오코노미야끼가 맛있다는데 방문해보신 분이 계시다면 그 외에도 맛있는 메뉴 추천 부탁드립니다. 그리고 혹시 판매하는 사케 종류가 어떤게 있을지 궁금합니다.,011510,서울특별시 강남구 역삼동 , 13,2024.10.04
82,476190713,질문강남초이스정형외과 역삼동 정형외과 병원 위치?,강남 초이스정형외과 역삼동 병원 위치가 어떻게 되나요? 또 도수치료나 물리치료 등의 치료 방법이나 비용 등도 함께 알려주시면 감사하겠습니다. 방문 전에 궁금한 점이 많아서 질문 드립니다. 감사합니다.,011510,서울특별시 강남구 역삼동 , 14,2024.10.04
83,476188037,질문천안 신부동에서 서울 역삼동 탑차 용달 단순운송...,천안 신부동에서 서울 역삼동 탑차 용달 단순운송 평일 저녁 견적좀 부탁드립니다.,011510,서울특별시 강남구 역삼동 , 32,2024.10.04
84,476100899,질문강변역 주변에 사시는 분들,강변역 근처에 포장마차가 있다고 들었는데 뭐 철거한다는 말이 있어서...ㅠ 확실하게 영업하거나 안하는 것에 대해서 정보 아시는분들 말씀 부탁드립니다 ㅎㅎ,011510,서울특별시 강남구 역삼동 , 18,2024.10.02
85,475997411,"질문서초역,교대역,방배역 근처 피부옴진단 피부과","서초역, 교대역, 방배역 근처에 진드기 및 피부 옴 을 진단해주는 피부과 혹시 없을까요? 대충 대충 봐주는곳말고 면밀하게 진찰해주는 피부과 추천 해주세요",011510,서울특별시 강남구 역삼동 , 28,작성일2024.10.01
86,476032174,질문신정역 1 번 출구쪽 재개발?,신정역 1벌 출구쪽 재개발 얘기가 나오던데 재개발 확정인건가요? 확정이면 보통 언제 퇴거 시작하는지 궁긍하네요,011510,서울특별시 강남구 역삼동 , 19,2024.09.30
87,476025337,질문서울 강남 선릉역에 가야하는데,지인아들 결혼식을 서울에 가야 하는데 선릉역으로 가는데 대중교통을 이용하는데 뭐가 좋은가 해서요 전철이든 버스든 관계없습니다 난 춘천역경춘선) -별내역(8호석)-잠실(2호선)-선릉역을 보았는데 누나친구가 거기는 고생한다고 하니 차라리 버스가 편하다고 하니 그리고 서울가서 환승하려고 하니 더 복잡할것 같고 그래서요 고민입니다 좋은 답변 부탁드립니다,011510,서울특별시 강남구 역삼동 , 21,2024.09.30
88,475848091,질문강남역주변 점심식사 모임장소추천요,강남역주변 쟈철역에서 도보5분-10분이내면좋겟어요 칭구들점심 먹으려하는데요 브런치카폐나 파스타맛집 이쁘고 깔금한장소 찿습니다 강남역 자주는안가지만 세세히  길을 잘사실 몰라서요 추천부탁드려요 점심먹고 이쁜카폐가서 커피한잔할거구요 이역시 sns 핫한 사진잘나오는 카폐알려주세요 강남역에서 반포 새빛둥둥섬 어떻게 가야할까요 강남역주변 즐길거리 있는지도 알고싶습니다,011510,서울특별시 강남구 역삼동 , 20,2024.09.26
89,475847158,질문강남역 근처 수육전골 어디가 맛있나요?,강남역 수육전골 맛집 추천해주세요. 친구들과 강남역에서 만나기로 했는데 최근 날씨가 선선해져서 수육전골을 먹기로 했습니다. 강남역에 수육전골 맛집이 있을까요? 분위기도 좋고 맛도 좋은 곳으로 추천해주세요.,011510,서울특별시 강남구 역삼동 , 22,2024.09.26
90,476683768,질문역삼역의 특징,은 무엇인가요,011510,서울특별시 강남구 역삼동 , 22,2024.10.17
91,476654087,질문역삼 한의원 본디 점심시간 있나요?,최근 잦은 야근으로 어깨 통증이 있어 한의원에 침을 맞으러 가려고 합니다. 12시쯤에 방문할 예정인데 역삼 한의원 본디 점심시간 있나요? 있다면 몇 시부터 몇 시까지인지 알려주세요.,011510,서울특별시 강남구 역삼동 , 10,2024.10.15
92,476609135,질문강남 묻지마 살인사건,8년전에 신논현역 주변 오래된 상가외부 남녀공용화장실에서 묻지마 살인사건이 일어났었잖아요? 혹시 8년이 지난 현재에도 신논현역 근처 오래된 상가외부에 남녀공용화장실이 많이 남아있나요?,011510,서울특별시 강남구 역삼동 , 18,2024.10.14
93,476604003,질문서울 파스타 맛집 치스타리에 강남역점 주차장 있나요?,"서울 파스타 맛집 치스타리에 강남역점에서 식사를 할 예정인데 여기는 주차를 어디에 하나요? 전용 주차장이 있는지, 주차권을 주시는지, 주차요금은 얼마인지 등 주차 정보 좀 알려주세요.",011510,서울특별시 강남구 역삼동 , 11,2024.10.14
94,476603957,질문강남 한정식 역삼역 다온정 주차 어디에 하나요?,"강남에 있는 한정식집 역삼역 다온정에서 식사를 할 예정인데 여기는 주차를 어디에 하나요? 전용 주차장이 있는지, 주차권을 주시는지, 주차요금은 얼마인지 등 주차 정보 좀 알려주세요.",011510,서울특별시 강남구 역삼동 , 10,2024.10.14
95,476497100,질문종각역 맛집 솔솥 종로 타워점 주차 어디에 하나요?,"종각역 맛집으로 유명한 솔솥 종로 타워점을 가보려고 하는데 여기는 주차를 어디에 해야 하나요? 전용 주차장이 있는지, 주차비 지원이 되는지 궁금합니다. 주차 정보 좀 알려주시면 감사하겠습니다.",011510,서울특별시 강남구 역삼동 , 14,2024.10.11
96,476495190,질문역삼동 고기집 역삼돈 추천 메뉴 있을까요?,"숙성육을 좋아하는 편인데, 역삼동을 대표하는 돼지 숙성 전문점이 있다고 해서 역삼돈을 방문하려고 합니다. 대표 메뉴 말고도 함께 곁들여 먹기 좋은 추천 사이드 메뉴가 있다면 추천 부탁드립니다.",011510,서울특별시 강남구 역삼동 , 15,2024.10.11
97,476415107,질문고딩 엄마 역할 해 주실 4-50대 여성분 구해요,*쓸데없는 잔소리 답변 거절합니다. 불편하면 걍 넘기세요 저는 고등학교 2학년 여학생이구요 시술받으러 갈때 엄마 역할 해 주실 분 구해요 날짜는 상의 후에 정해요 동반해서 가야하면 3만원 드리고 +버스비 전화연결로 하게되면 1만원 드려요 (전화연결은 정말 간단해서 1분도 안걸립니다.) 만약 동반으로 가야한다면 병원앞에서 만나서 들어가서 상담할때 보호자 동의만 해 주시면 (제 기본 정보먼저 숙지하시고) 제가 알아서 다하고 병원 나와서 바로 이체해드리고 헤어지면 됩니다! (30분도 안걸려요) 시술받을 병원은 역삼동이구요. 여러번 해봤습니다. 가능하신분 여기 옾챗으로 연락 주세요! 날짜랑 시간은 저랑 상의하시고 편한대로 정해요 카카오톡 오픈채팅을 시작해 보세요. 링크를 선택하면 카카오톡이 실행됩니다. 시술 https://open.kakao.com/o/sbqIXBTg,011510,서울특별시 강남구 역삼동 , 21,2024.10.09
98,476207012,질문서울역에서 강남데시앙루브오피스텔 가기,안녕하세요 태어나서 처음으로 서울갑니다  부산서 새벽기차타고 서울역 내려서 강남 데시앙루브 오피스텔 갈려구요 초행길이고 처음으로 서울갑니다 서울역내려서 강남 데시앙루브 가는길 좀 부탁드려요  자세히 가장 쉬운 방법으로 알려주시길 부탁드려요 또 시간은 얼마나 걸릴까요? 지식인 님들  조언 부탁드립니다,011510,서울특별시 강남구 역삼동 , 29,작성일2024.10.08
99,476315116,질문신논현역 양식 맛집 치스타리에 메뉴 어떤 게 맛있나요?,"신논현역 근처에서 친구들과 청첩장 모임을 가지려고 하는데, 가성비 좋고 양식 맛집으로 유명한 치스타리에로 예약하려고 합니다. 예약 방법과 메뉴 추천 부탁드립니다. 인원은 5명입니다.",011510,서울특별시 강남구 역삼동 , 14,2024.10.07
100,476308707,"질문서울 강남역,신논현역 근처 상가","서울 강남역,신논현역 근처 주변 상가들에 남녀공용화장실이 엄청 많나요?",011510,서울특별시 강남구 역삼동 , 17,2024.10.07
101,476196023,질문매봉역 코지로 맛집이라는데 추천 메뉴 있나요?,매봉역 근처에 코지로는 일본식 이자카야가 있다고 들었습니다. 나가사키 짬뽕이랑 오코노미야끼가 맛있다는데 방문해보신 분이 계시다면 그 외에도 맛있는 메뉴 추천 부탁드립니다. 그리고 혹시 판매하는 사케 종류가 어떤게 있을지 궁금합니다.,011510,서울특별시 강남구 역삼동 , 13,2024.10.04
102,476190713,질문강남초이스정형외과 역삼동 정형외과 병원 위치?,강남 초이스정형외과 역삼동 병원 위치가 어떻게 되나요? 또 도수치료나 물리치료 등의 치료 방법이나 비용 등도 함께 알려주시면 감사하겠습니다. 방문 전에 궁금한 점이 많아서 질문 드립니다. 감사합니다.,011510,서울특별시 강남구 역삼동 , 14,2024.10.04
103,476188037,질문천안 신부동에서 서울 역삼동 탑차 용달 단순운송...,천안 신부동에서 서울 역삼동 탑차 용달 단순운송 평일 저녁 견적좀 부탁드립니다.,011510,서울특별시 강남구 역삼동 , 33,2024.10.04
104,476100899,질문강변역 주변에 사시는 분들,강변역 근처에 포장마차가 있다고 들었는데 뭐 철거한다는 말이 있어서...ㅠ 확실하게 영업하거나 안하는 것에 대해서 정보 아시는분들 말씀 부탁드립니다 ㅎㅎ,011510,서울특별시 강남구 역삼동 , 18,2024.10.02
105,475997411,"질문서초역,교대역,방배역 근처 피부옴진단 피부과","서초역, 교대역, 방배역 근처에 진드기 및 피부 옴 을 진단해주는 피부과 혹시 없을까요? 대충 대충 봐주는곳말고 면밀하게 진찰해주는 피부과 추천 해주세요",011510,서울특별시 강남구 역삼동 , 29,작성일2024.10.01
106,476032174,질문신정역 1 번 출구쪽 재개발?,신정역 1벌 출구쪽 재개발 얘기가 나오던데 재개발 확정인건가요? 확정이면 보통 언제 퇴거 시작하는지 궁긍하네요,011510,서울특별시 강남구 역삼동 , 19,2024.09.30
107,476025337,질문서울 강남 선릉역에 가야하는데,지인아들 결혼식을 서울에 가야 하는데 선릉역으로 가는데 대중교통을 이용하는데 뭐가 좋은가 해서요 전철이든 버스든 관계없습니다 난 춘천역경춘선) -별내역(8호석)-잠실(2호선)-선릉역을 보았는데 누나친구가 거기는 고생한다고 하니 차라리 버스가 편하다고 하니 그리고 서울가서 환승하려고 하니 더 복잡할것 같고 그래서요 고민입니다 좋은 답변 부탁드립니다,011510,서울특별시 강남구 역삼동 , 21,2024.09.30
108,475848091,질문강남역주변 점심식사 모임장소추천요,강남역주변 쟈철역에서 도보5분-10분이내면좋겟어요 칭구들점심 먹으려하는데요 브런치카폐나 파스타맛집 이쁘고 깔금한장소 찿습니다 강남역 자주는안가지만 세세히  길을 잘사실 몰라서요 추천부탁드려요 점심먹고 이쁜카폐가서 커피한잔할거구요 이역시 sns 핫한 사진잘나오는 카폐알려주세요 강남역에서 반포 새빛둥둥섬 어떻게 가야할까요 강남역주변 즐길거리 있는지도 알고싶습니다,011510,서울특별시 강남구 역삼동 , 21,2024.09.26
109,475847158,질문강남역 근처 수육전골 어디가 맛있나요?,강남역 수육전골 맛집 추천해주세요. 친구들과 강남역에서 만나기로 했는데 최근 날씨가 선선해져서 수육전골을 먹기로 했습니다. 강남역에 수육전골 맛집이 있을까요? 분위기도 좋고 맛도 좋은 곳으로 추천해주세요.,011510,서울특별시 강남구 역삼동 , 22,2024.09.26
110,476683768,질문역삼역의 특징,은 무엇인가요,011510,서울특별시 강남구 역삼동 , 22,2024.10.17
111,476654087,질문역삼 한의원 본디 점심시간 있나요?,최근 잦은 야근으로 어깨 통증이 있어 한의원에 침을 맞으러 가려고 합니다. 12시쯤에 방문할 예정인데 역삼 한의원 본디 점심시간 있나요? 있다면 몇 시부터 몇 시까지인지 알려주세요.,011510,서울특별시 강남구 역삼동 , 10,2024.10.15
112,476609135,질문강남 묻지마 살인사건,8년전에 신논현역 주변 오래된 상가외부 남녀공용화장실에서 묻지마 살인사건이 일어났었잖아요? 혹시 8년이 지난 현재에도 신논현역 근처 오래된 상가외부에 남녀공용화장실이 많이 남아있나요?,011510,서울특별시 강남구 역삼동 , 18,2024.10.14
113,476604003,질문서울 파스타 맛집 치스타리에 강남역점 주차장 있나요?,"서울 파스타 맛집 치스타리에 강남역점에서 식사를 할 예정인데 여기는 주차를 어디에 하나요? 전용 주차장이 있는지, 주차권을 주시는지, 주차요금은 얼마인지 등 주차 정보 좀 알려주세요.",011510,서울특별시 강남구 역삼동 , 11,2024.10.14
114,476603957,질문강남 한정식 역삼역 다온정 주차 어디에 하나요?,"강남에 있는 한정식집 역삼역 다온정에서 식사를 할 예정인데 여기는 주차를 어디에 하나요? 전용 주차장이 있는지, 주차권을 주시는지, 주차요금은 얼마인지 등 주차 정보 좀 알려주세요.",011510,서울특별시 강남구 역삼동 , 10,2024.10.14
115,476497100,질문종각역 맛집 솔솥 종로 타워점 주차 어디에 하나요?,"종각역 맛집으로 유명한 솔솥 종로 타워점을 가보려고 하는데 여기는 주차를 어디에 해야 하나요? 전용 주차장이 있는지, 주차비 지원이 되는지 궁금합니다. 주차 정보 좀 알려주시면 감사하겠습니다.",011510,서울특별시 강남구 역삼동 , 14,2024.10.11
116,476495190,질문역삼동 고기집 역삼돈 추천 메뉴 있을까요?,"숙성육을 좋아하는 편인데, 역삼동을 대표하는 돼지 숙성 전문점이 있다고 해서 역삼돈을 방문하려고 합니다. 대표 메뉴 말고도 함께 곁들여 먹기 좋은 추천 사이드 메뉴가 있다면 추천 부탁드립니다.",011510,서울특별시 강남구 역삼동 , 15,2024.10.11
117,476415107,질문고딩 엄마 역할 해 주실 4-50대 여성분 구해요,*쓸데없는 잔소리 답변 거절합니다. 불편하면 걍 넘기세요 저는 고등학교 2학년 여학생이구요 시술받으러 갈때 엄마 역할 해 주실 분 구해요 날짜는 상의 후에 정해요 동반해서 가야하면 3만원 드리고 +버스비 전화연결로 하게되면 1만원 드려요 (전화연결은 정말 간단해서 1분도 안걸립니다.) 만약 동반으로 가야한다면 병원앞에서 만나서 들어가서 상담할때 보호자 동의만 해 주시면 (제 기본 정보먼저 숙지하시고) 제가 알아서 다하고 병원 나와서 바로 이체해드리고 헤어지면 됩니다! (30분도 안걸려요) 시술받을 병원은 역삼동이구요. 여러번 해봤습니다. 가능하신분 여기 옾챗으로 연락 주세요! 날짜랑 시간은 저랑 상의하시고 편한대로 정해요 카카오톡 오픈채팅을 시작해 보세요. 링크를 선택하면 카카오톡이 실행됩니다. 시술 https://open.kakao.com/o/sbqIXBTg,011510,서울특별시 강남구 역삼동 , 21,2024.10.09
118,476207012,질문서울역에서 강남데시앙루브오피스텔 가기,안녕하세요 태어나서 처음으로 서울갑니다  부산서 새벽기차타고 서울역 내려서 강남 데시앙루브 오피스텔 갈려구요 초행길이고 처음으로 서울갑니다 서울역내려서 강남 데시앙루브 가는길 좀 부탁드려요  자세히 가장 쉬운 방법으로 알려주시길 부탁드려요 또 시간은 얼마나 걸릴까요? 지식인 님들  조언 부탁드립니다,011510,서울특별시 강남구 역삼동 , 29,작성일2024.10.08
119,476315116,질문신논현역 양식 맛집 치스타리에 메뉴 어떤 게 맛있나요?,"신논현역 근처에서 친구들과 청첩장 모임을 가지려고 하는데, 가성비 좋고 양식 맛집으로 유명한 치스타리에로 예약하려고 합니다. 예약 방법과 메뉴 추천 부탁드립니다. 인원은 5명입니다.",011510,서울특별시 강남구 역삼동 , 14,2024.10.07
120,476308707,"질문서울 강남역,신논현역 근처 상가","서울 강남역,신논현역 근처 주변 상가들에 남녀공용화장실이 엄청 많나요?",011510,서울특별시 강남구 역삼동 , 17,2024.10.07
121,476196023,질문매봉역 코지로 맛집이라는데 추천 메뉴 있나요?,매봉역 근처에 코지로는 일본식 이자카야가 있다고 들었습니다. 나가사키 짬뽕이랑 오코노미야끼가 맛있다는데 방문해보신 분이 계시다면 그 외에도 맛있는 메뉴 추천 부탁드립니다. 그리고 혹시 판매하는 사케 종류가 어떤게 있을지 궁금합니다.,011510,서울특별시 강남구 역삼동 , 13,2024.10.04
122,476190713,질문강남초이스정형외과 역삼동 정형외과 병원 위치?,강남 초이스정형외과 역삼동 병원 위치가 어떻게 되나요? 또 도수치료나 물리치료 등의 치료 방법이나 비용 등도 함께 알려주시면 감사하겠습니다. 방문 전에 궁금한 점이 많아서 질문 드립니다. 감사합니다.,011510,서울특별시 강남구 역삼동 , 14,2024.10.04
123,476188037,질문천안 신부동에서 서울 역삼동 탑차 용달 단순운송...,천안 신부동에서 서울 역삼동 탑차 용달 단순운송 평일 저녁 견적좀 부탁드립니다.,011510,서울특별시 강남구 역삼동 , 33,2024.10.04
124,476100899,질문강변역 주변에 사시는 분들,강변역 근처에 포장마차가 있다고 들었는데 뭐 철거한다는 말이 있어서...ㅠ 확실하게 영업하거나 안하는 것에 대해서 정보 아시는분들 말씀 부탁드립니다 ㅎㅎ,011510,서울특별시 강남구 역삼동 , 18,2024.10.02
125,475997411,"질문서초역,교대역,방배역 근처 피부옴진단 피부과","서초역, 교대역, 방배역 근처에 진드기 및 피부 옴 을 진단해주는 피부과 혹시 없을까요? 대충 대충 봐주는곳말고 면밀하게 진찰해주는 피부과 추천 해주세요",011510,서울특별시 강남구 역삼동 , 29,작성일2024.10.01
126,476032174,질문신정역 1 번 출구쪽 재개발?,신정역 1벌 출구쪽 재개발 얘기가 나오던데 재개발 확정인건가요? 확정이면 보통 언제 퇴거 시작하는지 궁긍하네요,011510,서울특별시 강남구 역삼동 , 20,2024.09.30
127,476025337,질문서울 강남 선릉역에 가야하는데,지인아들 결혼식을 서울에 가야 하는데 선릉역으로 가는데 대중교통을 이용하는데 뭐가 좋은가 해서요 전철이든 버스든 관계없습니다 난 춘천역경춘선) -별내역(8호석)-잠실(2호선)-선릉역을 보았는데 누나친구가 거기는 고생한다고 하니 차라리 버스가 편하다고 하니 그리고 서울가서 환승하려고 하니 더 복잡할것 같고 그래서요 고민입니다 좋은 답변 부탁드립니다,011510,서울특별시 강남구 역삼동 , 21,2024.09.30
128,475848091,질문강남역주변 점심식사 모임장소추천요,강남역주변 쟈철역에서 도보5분-10분이내면좋겟어요 칭구들점심 먹으려하는데요 브런치카폐나 파스타맛집 이쁘고 깔금한장소 찿습니다 강남역 자주는안가지만 세세히  길을 잘사실 몰라서요 추천부탁드려요 점심먹고 이쁜카폐가서 커피한잔할거구요 이역시 sns 핫한 사진잘나오는 카폐알려주세요 강남역에서 반포 새빛둥둥섬 어떻게 가야할까요 강남역주변 즐길거리 있는지도 알고싶습니다,011510,서울특별시 강남구 역삼동 , 21,2024.09.26
129,475847158,질문강남역 근처 수육전골 어디가 맛있나요?,강남역 수육전골 맛집 추천해주세요. 친구들과 강남역에서 만나기로 했는데 최근 날씨가 선선해져서 수육전골을 먹기로 했습니다. 강남역에 수육전골 맛집이 있을까요? 분위기도 좋고 맛도 좋은 곳으로 추천해주세요.,011510,서울특별시 강남구 역삼동 , 22,2024.09.26
130,476683768,질문역삼역의 특징,은 무엇인가요,011510,서울특별시 강남구 역삼동 , 22,2024.10.17
131,476654087,질문역삼 한의원 본디 점심시간 있나요?,최근 잦은 야근으로 어깨 통증이 있어 한의원에 침을 맞으러 가려고 합니다. 12시쯤에 방문할 예정인데 역삼 한의원 본디 점심시간 있나요? 있다면 몇 시부터 몇 시까지인지 알려주세요.,011510,서울특별시 강남구 역삼동 , 10,2024.10.15
132,476609135,질문강남 묻지마 살인사건,8년전에 신논현역 주변 오래된 상가외부 남녀공용화장실에서 묻지마 살인사건이 일어났었잖아요? 혹시 8년이 지난 현재에도 신논현역 근처 오래된 상가외부에 남녀공용화장실이 많이 남아있나요?,011510,서울특별시 강남구 역삼동 , 18,2024.10.14
133,476604003,질문서울 파스타 맛집 치스타리에 강남역점 주차장 있나요?,"서울 파스타 맛집 치스타리에 강남역점에서 식사를 할 예정인데 여기는 주차를 어디에 하나요? 전용 주차장이 있는지, 주차권을 주시는지, 주차요금은 얼마인지 등 주차 정보 좀 알려주세요.",011510,서울특별시 강남구 역삼동 , 11,2024.10.14
134,476603957,질문강남 한정식 역삼역 다온정 주차 어디에 하나요?,"강남에 있는 한정식집 역삼역 다온정에서 식사를 할 예정인데 여기는 주차를 어디에 하나요? 전용 주차장이 있는지, 주차권을 주시는지, 주차요금은 얼마인지 등 주차 정보 좀 알려주세요.",011510,서울특별시 강남구 역삼동 , 10,2024.10.14
135,476497100,질문종각역 맛집 솔솥 종로 타워점 주차 어디에 하나요?,"종각역 맛집으로 유명한 솔솥 종로 타워점을 가보려고 하는데 여기는 주차를 어디에 해야 하나요? 전용 주차장이 있는지, 주차비 지원이 되는지 궁금합니다. 주차 정보 좀 알려주시면 감사하겠습니다.",011510,서울특별시 강남구 역삼동 , 14,2024.10.11
136,476495190,질문역삼동 고기집 역삼돈 추천 메뉴 있을까요?,"숙성육을 좋아하는 편인데, 역삼동을 대표하는 돼지 숙성 전문점이 있다고 해서 역삼돈을 방문하려고 합니다. 대표 메뉴 말고도 함께 곁들여 먹기 좋은 추천 사이드 메뉴가 있다면 추천 부탁드립니다.",011510,서울특별시 강남구 역삼동 , 15,2024.10.11
137,476415107,질문고딩 엄마 역할 해 주실 4-50대 여성분 구해요,*쓸데없는 잔소리 답변 거절합니다. 불편하면 걍 넘기세요 저는 고등학교 2학년 여학생이구요 시술받으러 갈때 엄마 역할 해 주실 분 구해요 날짜는 상의 후에 정해요 동반해서 가야하면 3만원 드리고 +버스비 전화연결로 하게되면 1만원 드려요 (전화연결은 정말 간단해서 1분도 안걸립니다.) 만약 동반으로 가야한다면 병원앞에서 만나서 들어가서 상담할때 보호자 동의만 해 주시면 (제 기본 정보먼저 숙지하시고) 제가 알아서 다하고 병원 나와서 바로 이체해드리고 헤어지면 됩니다! (30분도 안걸려요) 시술받을 병원은 역삼동이구요. 여러번 해봤습니다. 가능하신분 여기 옾챗으로 연락 주세요! 날짜랑 시간은 저랑 상의하시고 편한대로 정해요 카카오톡 오픈채팅을 시작해 보세요. 링크를 선택하면 카카오톡이 실행됩니다. 시술 https://open.kakao.com/o/sbqIXBTg,011510,서울특별시 강남구 역삼동 , 21,2024.10.09
138,476207012,질문서울역에서 강남데시앙루브오피스텔 가기,안녕하세요 태어나서 처음으로 서울갑니다  부산서 새벽기차타고 서울역 내려서 강남 데시앙루브 오피스텔 갈려구요 초행길이고 처음으로 서울갑니다 서울역내려서 강남 데시앙루브 가는길 좀 부탁드려요  자세히 가장 쉬운 방법으로 알려주시길 부탁드려요 또 시간은 얼마나 걸릴까요? 지식인 님들  조언 부탁드립니다,011510,서울특별시 강남구 역삼동 , 29,작성일2024.10.08
139,476315116,질문신논현역 양식 맛집 치스타리에 메뉴 어떤 게 맛있나요?,"신논현역 근처에서 친구들과 청첩장 모임을 가지려고 하는데, 가성비 좋고 양식 맛집으로 유명한 치스타리에로 예약하려고 합니다. 예약 방법과 메뉴 추천 부탁드립니다. 인원은 5명입니다.",011510,서울특별시 강남구 역삼동 , 14,2024.10.07
140,476308707,"질문서울 강남역,신논현역 근처 상가","서울 강남역,신논현역 근처 주변 상가들에 남녀공용화장실이 엄청 많나요?",011510,서울특별시 강남구 역삼동 , 17,2024.10.07
141,476196023,질문매봉역 코지로 맛집이라는데 추천 메뉴 있나요?,매봉역 근처에 코지로는 일본식 이자카야가 있다고 들었습니다. 나가사키 짬뽕이랑 오코노미야끼가 맛있다는데 방문해보신 분이 계시다면 그 외에도 맛있는 메뉴 추천 부탁드립니다. 그리고 혹시 판매하는 사케 종류가 어떤게 있을지 궁금합니다.,011510,서울특별시 강남구 역삼동 , 13,2024.10.04
142,476190713,질문강남초이스정형외과 역삼동 정형외과 병원 위치?,강남 초이스정형외과 역삼동 병원 위치가 어떻게 되나요? 또 도수치료나 물리치료 등의 치료 방법이나 비용 등도 함께 알려주시면 감사하겠습니다. 방문 전에 궁금한 점이 많아서 질문 드립니다. 감사합니다.,011510,서울특별시 강남구 역삼동 , 14,2024.10.04
143,476188037,질문천안 신부동에서 서울 역삼동 탑차 용달 단순운송...,천안 신부동에서 서울 역삼동 탑차 용달 단순운송 평일 저녁 견적좀 부탁드립니다.,011510,서울특별시 강남구 역삼동 , 33,2024.10.04
144,476100899,질문강변역 주변에 사시는 분들,강변역 근처에 포장마차가 있다고 들었는데 뭐 철거한다는 말이 있어서...ㅠ 확실하게 영업하거나 안하는 것에 대해서 정보 아시는분들 말씀 부탁드립니다 ㅎㅎ,011510,서울특별시 강남구 역삼동 , 18,2024.10.02
145,475997411,"질문서초역,교대역,방배역 근처 피부옴진단 피부과","서초역, 교대역, 방배역 근처에 진드기 및 피부 옴 을 진단해주는 피부과 혹시 없을까요? 대충 대충 봐주는곳말고 면밀하게 진찰해주는 피부과 추천 해주세요",011510,서울특별시 강남구 역삼동 , 29,작성일2024.10.01
146,476032174,질문신정역 1 번 출구쪽 재개발?,신정역 1벌 출구쪽 재개발 얘기가 나오던데 재개발 확정인건가요? 확정이면 보통 언제 퇴거 시작하는지 궁긍하네요,011510,서울특별시 강남구 역삼동 , 20,2024.09.30
147,476025337,질문서울 강남 선릉역에 가야하는데,지인아들 결혼식을 서울에 가야 하는데 선릉역으로 가는데 대중교통을 이용하는데 뭐가 좋은가 해서요 전철이든 버스든 관계없습니다 난 춘천역경춘선) -별내역(8호석)-잠실(2호선)-선릉역을 보았는데 누나친구가 거기는 고생한다고 하니 차라리 버스가 편하다고 하니 그리고 서울가서 환승하려고 하니 더 복잡할것 같고 그래서요 고민입니다 좋은 답변 부탁드립니다,011510,서울특별시 강남구 역삼동 , 21,2024.09.30
148,475848091,질문강남역주변 점심식사 모임장소추천요,강남역주변 쟈철역에서 도보5분-10분이내면좋겟어요 칭구들점심 먹으려하는데요 브런치카폐나 파스타맛집 이쁘고 깔금한장소 찿습니다 강남역 자주는안가지만 세세히  길을 잘사실 몰라서요 추천부탁드려요 점심먹고 이쁜카폐가서 커피한잔할거구요 이역시 sns 핫한 사진잘나오는 카폐알려주세요 강남역에서 반포 새빛둥둥섬 어떻게 가야할까요 강남역주변 즐길거리 있는지도 알고싶습니다,011510,서울특별시 강남구 역삼동 , 21,2024.09.26
149,475847158,질문강남역 근처 수육전골 어디가 맛있나요?,강남역 수육전골 맛집 추천해주세요. 친구들과 강남역에서 만나기로 했는데 최근 날씨가 선선해져서 수육전골을 먹기로 했습니다. 강남역에 수육전골 맛집이 있을까요? 분위기도 좋고 맛도 좋은 곳으로 추천해주세요.,011510,서울특별시 강남구 역삼동 , 22,2024.09.26
150,476683768,질문역삼역의 특징,은 무엇인가요,011510,서울특별시 강남구 역삼동 , 22,2024.10.17
151,476654087,질문역삼 한의원 본디 점심시간 있나요?,최근 잦은 야근으로 어깨 통증이 있어 한의원에 침을 맞으러 가려고 합니다. 12시쯤에 방문할 예정인데 역삼 한의원 본디 점심시간 있나요? 있다면 몇 시부터 몇 시까지인지 알려주세요.,011510,서울특별시 강남구 역삼동 , 10,2024.10.15
152,476609135,질문강남 묻지마 살인사건,8년전에 신논현역 주변 오래된 상가외부 남녀공용화장실에서 묻지마 살인사건이 일어났었잖아요? 혹시 8년이 지난 현재에도 신논현역 근처 오래된 상가외부에 남녀공용화장실이 많이 남아있나요?,011510,서울특별시 강남구 역삼동 , 18,2024.10.14
153,476604003,질문서울 파스타 맛집 치스타리에 강남역점 주차장 있나요?,"서울 파스타 맛집 치스타리에 강남역점에서 식사를 할 예정인데 여기는 주차를 어디에 하나요? 전용 주차장이 있는지, 주차권을 주시는지, 주차요금은 얼마인지 등 주차 정보 좀 알려주세요.",011510,서울특별시 강남구 역삼동 , 11,2024.10.14
154,476603957,질문강남 한정식 역삼역 다온정 주차 어디에 하나요?,"강남에 있는 한정식집 역삼역 다온정에서 식사를 할 예정인데 여기는 주차를 어디에 하나요? 전용 주차장이 있는지, 주차권을 주시는지, 주차요금은 얼마인지 등 주차 정보 좀 알려주세요.",011510,서울특별시 강남구 역삼동 , 10,2024.10.14
155,476497100,질문종각역 맛집 솔솥 종로 타워점 주차 어디에 하나요?,"종각역 맛집으로 유명한 솔솥 종로 타워점을 가보려고 하는데 여기는 주차를 어디에 해야 하나요? 전용 주차장이 있는지, 주차비 지원이 되는지 궁금합니다. 주차 정보 좀 알려주시면 감사하겠습니다.",011510,서울특별시 강남구 역삼동 , 14,2024.10.11
156,476495190,질문역삼동 고기집 역삼돈 추천 메뉴 있을까요?,"숙성육을 좋아하는 편인데, 역삼동을 대표하는 돼지 숙성 전문점이 있다고 해서 역삼돈을 방문하려고 합니다. 대표 메뉴 말고도 함께 곁들여 먹기 좋은 추천 사이드 메뉴가 있다면 추천 부탁드립니다.",011510,서울특별시 강남구 역삼동 , 15,2024.10.11
157,476415107,질문고딩 엄마 역할 해 주실 4-50대 여성분 구해요,*쓸데없는 잔소리 답변 거절합니다. 불편하면 걍 넘기세요 저는 고등학교 2학년 여학생이구요 시술받으러 갈때 엄마 역할 해 주실 분 구해요 날짜는 상의 후에 정해요 동반해서 가야하면 3만원 드리고 +버스비 전화연결로 하게되면 1만원 드려요 (전화연결은 정말 간단해서 1분도 안걸립니다.) 만약 동반으로 가야한다면 병원앞에서 만나서 들어가서 상담할때 보호자 동의만 해 주시면 (제 기본 정보먼저 숙지하시고) 제가 알아서 다하고 병원 나와서 바로 이체해드리고 헤어지면 됩니다! (30분도 안걸려요) 시술받을 병원은 역삼동이구요. 여러번 해봤습니다. 가능하신분 여기 옾챗으로 연락 주세요! 날짜랑 시간은 저랑 상의하시고 편한대로 정해요 카카오톡 오픈채팅을 시작해 보세요. 링크를 선택하면 카카오톡이 실행됩니다. 시술 https://open.kakao.com/o/sbqIXBTg,011510,서울특별시 강남구 역삼동 , 21,2024.10.09
158,476207012,질문서울역에서 강남데시앙루브오피스텔 가기,안녕하세요 태어나서 처음으로 서울갑니다  부산서 새벽기차타고 서울역 내려서 강남 데시앙루브 오피스텔 갈려구요 초행길이고 처음으로 서울갑니다 서울역내려서 강남 데시앙루브 가는길 좀 부탁드려요  자세히 가장 쉬운 방법으로 알려주시길 부탁드려요 또 시간은 얼마나 걸릴까요? 지식인 님들  조언 부탁드립니다,011510,서울특별시 강남구 역삼동 , 29,작성일2024.10.08
159,476315116,질문신논현역 양식 맛집 치스타리에 메뉴 어떤 게 맛있나요?,"신논현역 근처에서 친구들과 청첩장 모임을 가지려고 하는데, 가성비 좋고 양식 맛집으로 유명한 치스타리에로 예약하려고 합니다. 예약 방법과 메뉴 추천 부탁드립니다. 인원은 5명입니다.",011510,서울특별시 강남구 역삼동 , 14,2024.10.07
160,476308707,"질문서울 강남역,신논현역 근처 상가","서울 강남역,신논현역 근처 주변 상가들에 남녀공용화장실이 엄청 많나요?",011510,서울특별시 강남구 역삼동 , 17,2024.10.07
161,476196023,질문매봉역 코지로 맛집이라는데 추천 메뉴 있나요?,매봉역 근처에 코지로는 일본식 이자카야가 있다고 들었습니다. 나가사키 짬뽕이랑 오코노미야끼가 맛있다는데 방문해보신 분이 계시다면 그 외에도 맛있는 메뉴 추천 부탁드립니다. 그리고 혹시 판매하는 사케 종류가 어떤게 있을지 궁금합니다.,011510,서울특별시 강남구 역삼동 , 13,2024.10.04
162,476190713,질문강남초이스정형외과 역삼동 정형외과 병원 위치?,강남 초이스정형외과 역삼동 병원 위치가 어떻게 되나요? 또 도수치료나 물리치료 등의 치료 방법이나 비용 등도 함께 알려주시면 감사하겠습니다. 방문 전에 궁금한 점이 많아서 질문 드립니다. 감사합니다.,011510,서울특별시 강남구 역삼동 , 14,2024.10.04
163,476188037,질문천안 신부동에서 서울 역삼동 탑차 용달 단순운송...,천안 신부동에서 서울 역삼동 탑차 용달 단순운송 평일 저녁 견적좀 부탁드립니다.,011510,서울특별시 강남구 역삼동 , 33,2024.10.04
164,476100899,질문강변역 주변에 사시는 분들,강변역 근처에 포장마차가 있다고 들었는데 뭐 철거한다는 말이 있어서...ㅠ 확실하게 영업하거나 안하는 것에 대해서 정보 아시는분들 말씀 부탁드립니다 ㅎㅎ,011510,서울특별시 강남구 역삼동 , 18,2024.10.02
165,475997411,"질문서초역,교대역,방배역 근처 피부옴진단 피부과","서초역, 교대역, 방배역 근처에 진드기 및 피부 옴 을 진단해주는 피부과 혹시 없을까요? 대충 대충 봐주는곳말고 면밀하게 진찰해주는 피부과 추천 해주세요",011510,서울특별시 강남구 역삼동 , 29,작성일2024.10.01
166,476032174,질문신정역 1 번 출구쪽 재개발?,신정역 1벌 출구쪽 재개발 얘기가 나오던데 재개발 확정인건가요? 확정이면 보통 언제 퇴거 시작하는지 궁긍하네요,011510,서울특별시 강남구 역삼동 , 20,2024.09.30
167,476025337,질문서울 강남 선릉역에 가야하는데,지인아들 결혼식을 서울에 가야 하는데 선릉역으로 가는데 대중교통을 이용하는데 뭐가 좋은가 해서요 전철이든 버스든 관계없습니다 난 춘천역경춘선) -별내역(8호석)-잠실(2호선)-선릉역을 보았는데 누나친구가 거기는 고생한다고 하니 차라리 버스가 편하다고 하니 그리고 서울가서 환승하려고 하니 더 복잡할것 같고 그래서요 고민입니다 좋은 답변 부탁드립니다,011510,서울특별시 강남구 역삼동 , 21,2024.09.30
168,475848091,질문강남역주변 점심식사 모임장소추천요,강남역주변 쟈철역에서 도보5분-10분이내면좋겟어요 칭구들점심 먹으려하는데요 브런치카폐나 파스타맛집 이쁘고 깔금한장소 찿습니다 강남역 자주는안가지만 세세히  길을 잘사실 몰라서요 추천부탁드려요 점심먹고 이쁜카폐가서 커피한잔할거구요 이역시 sns 핫한 사진잘나오는 카폐알려주세요 강남역에서 반포 새빛둥둥섬 어떻게 가야할까요 강남역주변 즐길거리 있는지도 알고싶습니다,011510,서울특별시 강남구 역삼동 , 21,2024.09.26
169,475847158,질문강남역 근처 수육전골 어디가 맛있나요?,강남역 수육전골 맛집 추천해주세요. 친구들과 강남역에서 만나기로 했는데 최근 날씨가 선선해져서 수육전골을 먹기로 했습니다. 강남역에 수육전골 맛집이 있을까요? 분위기도 좋고 맛도 좋은 곳으로 추천해주세요.,011510,서울특별시 강남구 역삼동 , 22,2024.09.26
170,476683768,질문역삼역의 특징,은 무엇인가요,011510,서울특별시 강남구 역삼동 , 22,2024.10.17
171,476654087,질문역삼 한의원 본디 점심시간 있나요?,최근 잦은 야근으로 어깨 통증이 있어 한의원에 침을 맞으러 가려고 합니다. 12시쯤에 방문할 예정인데 역삼 한의원 본디 점심시간 있나요? 있다면 몇 시부터 몇 시까지인지 알려주세요.,011510,서울특별시 강남구 역삼동 , 10,2024.10.15
172,476609135,질문강남 묻지마 살인사건,8년전에 신논현역 주변 오래된 상가외부 남녀공용화장실에서 묻지마 살인사건이 일어났었잖아요? 혹시 8년이 지난 현재에도 신논현역 근처 오래된 상가외부에 남녀공용화장실이 많이 남아있나요?,011510,서울특별시 강남구 역삼동 , 18,2024.10.14
173,476604003,질문서울 파스타 맛집 치스타리에 강남역점 주차장 있나요?,"서울 파스타 맛집 치스타리에 강남역점에서 식사를 할 예정인데 여기는 주차를 어디에 하나요? 전용 주차장이 있는지, 주차권을 주시는지, 주차요금은 얼마인지 등 주차 정보 좀 알려주세요.",011510,서울특별시 강남구 역삼동 , 11,2024.10.14
174,476603957,질문강남 한정식 역삼역 다온정 주차 어디에 하나요?,"강남에 있는 한정식집 역삼역 다온정에서 식사를 할 예정인데 여기는 주차를 어디에 하나요? 전용 주차장이 있는지, 주차권을 주시는지, 주차요금은 얼마인지 등 주차 정보 좀 알려주세요.",011510,서울특별시 강남구 역삼동 , 10,2024.10.14
175,476497100,질문종각역 맛집 솔솥 종로 타워점 주차 어디에 하나요?,"종각역 맛집으로 유명한 솔솥 종로 타워점을 가보려고 하는데 여기는 주차를 어디에 해야 하나요? 전용 주차장이 있는지, 주차비 지원이 되는지 궁금합니다. 주차 정보 좀 알려주시면 감사하겠습니다.",011510,서울특별시 강남구 역삼동 , 14,2024.10.11
176,476495190,질문역삼동 고기집 역삼돈 추천 메뉴 있을까요?,"숙성육을 좋아하는 편인데, 역삼동을 대표하는 돼지 숙성 전문점이 있다고 해서 역삼돈을 방문하려고 합니다. 대표 메뉴 말고도 함께 곁들여 먹기 좋은 추천 사이드 메뉴가 있다면 추천 부탁드립니다.",011510,서울특별시 강남구 역삼동 , 15,2024.10.11
177,476415107,질문고딩 엄마 역할 해 주실 4-50대 여성분 구해요,*쓸데없는 잔소리 답변 거절합니다. 불편하면 걍 넘기세요 저는 고등학교 2학년 여학생이구요 시술받으러 갈때 엄마 역할 해 주실 분 구해요 날짜는 상의 후에 정해요 동반해서 가야하면 3만원 드리고 +버스비 전화연결로 하게되면 1만원 드려요 (전화연결은 정말 간단해서 1분도 안걸립니다.) 만약 동반으로 가야한다면 병원앞에서 만나서 들어가서 상담할때 보호자 동의만 해 주시면 (제 기본 정보먼저 숙지하시고) 제가 알아서 다하고 병원 나와서 바로 이체해드리고 헤어지면 됩니다! (30분도 안걸려요) 시술받을 병원은 역삼동이구요. 여러번 해봤습니다. 가능하신분 여기 옾챗으로 연락 주세요! 날짜랑 시간은 저랑 상의하시고 편한대로 정해요 카카오톡 오픈채팅을 시작해 보세요. 링크를 선택하면 카카오톡이 실행됩니다. 시술 https://open.kakao.com/o/sbqIXBTg,011510,서울특별시 강남구 역삼동 , 21,2024.10.09
178,476207012,질문서울역에서 강남데시앙루브오피스텔 가기,안녕하세요 태어나서 처음으로 서울갑니다  부산서 새벽기차타고 서울역 내려서 강남 데시앙루브 오피스텔 갈려구요 초행길이고 처음으로 서울갑니다 서울역내려서 강남 데시앙루브 가는길 좀 부탁드려요  자세히 가장 쉬운 방법으로 알려주시길 부탁드려요 또 시간은 얼마나 걸릴까요? 지식인 님들  조언 부탁드립니다,011510,서울특별시 강남구 역삼동 , 29,작성일2024.10.08
179,476315116,질문신논현역 양식 맛집 치스타리에 메뉴 어떤 게 맛있나요?,"신논현역 근처에서 친구들과 청첩장 모임을 가지려고 하는데, 가성비 좋고 양식 맛집으로 유명한 치스타리에로 예약하려고 합니다. 예약 방법과 메뉴 추천 부탁드립니다. 인원은 5명입니다.",011510,서울특별시 강남구 역삼동 , 14,2024.10.07
180,476308707,"질문서울 강남역,신논현역 근처 상가","서울 강남역,신논현역 근처 주변 상가들에 남녀공용화장실이 엄청 많나요?",011510,서울특별시 강남구 역삼동 , 17,2024.10.07
181,476196023,질문매봉역 코지로 맛집이라는데 추천 메뉴 있나요?,매봉역 근처에 코지로는 일본식 이자카야가 있다고 들었습니다. 나가사키 짬뽕이랑 오코노미야끼가 맛있다는데 방문해보신 분이 계시다면 그 외에도 맛있는 메뉴 추천 부탁드립니다. 그리고 혹시 판매하는 사케 종류가 어떤게 있을지 궁금합니다.,011510,서울특별시 강남구 역삼동 , 13,2024.10.04
182,476190713,질문강남초이스정형외과 역삼동 정형외과 병원 위치?,강남 초이스정형외과 역삼동 병원 위치가 어떻게 되나요? 또 도수치료나 물리치료 등의 치료 방법이나 비용 등도 함께 알려주시면 감사하겠습니다. 방문 전에 궁금한 점이 많아서 질문 드립니다. 감사합니다.,011510,서울특별시 강남구 역삼동 , 14,2024.10.04
183,476188037,질문천안 신부동에서 서울 역삼동 탑차 용달 단순운송...,천안 신부동에서 서울 역삼동 탑차 용달 단순운송 평일 저녁 견적좀 부탁드립니다.,011510,서울특별시 강남구 역삼동 , 33,2024.10.04
184,476100899,질문강변역 주변에 사시는 분들,강변역 근처에 포장마차가 있다고 들었는데 뭐 철거한다는 말이 있어서...ㅠ 확실하게 영업하거나 안하는 것에 대해서 정보 아시는분들 말씀 부탁드립니다 ㅎㅎ,011510,서울특별시 강남구 역삼동 , 18,2024.10.02
185,475997411,"질문서초역,교대역,방배역 근처 피부옴진단 피부과","서초역, 교대역, 방배역 근처에 진드기 및 피부 옴 을 진단해주는 피부과 혹시 없을까요? 대충 대충 봐주는곳말고 면밀하게 진찰해주는 피부과 추천 해주세요",011510,서울특별시 강남구 역삼동 , 29,작성일2024.10.01
186,476032174,질문신정역 1 번 출구쪽 재개발?,신정역 1벌 출구쪽 재개발 얘기가 나오던데 재개발 확정인건가요? 확정이면 보통 언제 퇴거 시작하는지 궁긍하네요,011510,서울특별시 강남구 역삼동 , 20,2024.09.30
187,476025337,질문서울 강남 선릉역에 가야하는데,지인아들 결혼식을 서울에 가야 하는데 선릉역으로 가는데 대중교통을 이용하는데 뭐가 좋은가 해서요 전철이든 버스든 관계없습니다 난 춘천역경춘선) -별내역(8호석)-잠실(2호선)-선릉역을 보았는데 누나친구가 거기는 고생한다고 하니 차라리 버스가 편하다고 하니 그리고 서울가서 환승하려고 하니 더 복잡할것 같고 그래서요 고민입니다 좋은 답변 부탁드립니다,011510,서울특별시 강남구 역삼동 , 21,2024.09.30
188,475848091,질문강남역주변 점심식사 모임장소추천요,강남역주변 쟈철역에서 도보5분-10분이내면좋겟어요 칭구들점심 먹으려하는데요 브런치카폐나 파스타맛집 이쁘고 깔금한장소 찿습니다 강남역 자주는안가지만 세세히  길을 잘사실 몰라서요 추천부탁드려요 점심먹고 이쁜카폐가서 커피한잔할거구요 이역시 sns 핫한 사진잘나오는 카폐알려주세요 강남역에서 반포 새빛둥둥섬 어떻게 가야할까요 강남역주변 즐길거리 있는지도 알고싶습니다,011510,서울특별시 강남구 역삼동 , 21,2024.09.26
189,475847158,질문강남역 근처 수육전골 어디가 맛있나요?,강남역 수육전골 맛집 추천해주세요. 친구들과 강남역에서 만나기로 했는데 최근 날씨가 선선해져서 수육전골을 먹기로 했습니다. 강남역에 수육전골 맛집이 있을까요? 분위기도 좋고 맛도 좋은 곳으로 추천해주세요.,011510,서울특별시 강남구 역삼동 , 22,2024.09.26
190,476683768,질문역삼역의 특징,은 무엇인가요,011510,서울특별시 강남구 역삼동 , 22,2024.10.17
191,476654087,질문역삼 한의원 본디 점심시간 있나요?,최근 잦은 야근으로 어깨 통증이 있어 한의원에 침을 맞으러 가려고 합니다. 12시쯤에 방문할 예정인데 역삼 한의원 본디 점심시간 있나요? 있다면 몇 시부터 몇 시까지인지 알려주세요.,011510,서울특별시 강남구 역삼동 , 10,2024.10.15
192,476609135,질문강남 묻지마 살인사건,8년전에 신논현역 주변 오래된 상가외부 남녀공용화장실에서 묻지마 살인사건이 일어났었잖아요? 혹시 8년이 지난 현재에도 신논현역 근처 오래된 상가외부에 남녀공용화장실이 많이 남아있나요?,011510,서울특별시 강남구 역삼동 , 18,2024.10.14
193,476604003,질문서울 파스타 맛집 치스타리에 강남역점 주차장 있나요?,"서울 파스타 맛집 치스타리에 강남역점에서 식사를 할 예정인데 여기는 주차를 어디에 하나요? 전용 주차장이 있는지, 주차권을 주시는지, 주차요금은 얼마인지 등 주차 정보 좀 알려주세요.",011510,서울특별시 강남구 역삼동 , 11,2024.10.14
194,476603957,질문강남 한정식 역삼역 다온정 주차 어디에 하나요?,"강남에 있는 한정식집 역삼역 다온정에서 식사를 할 예정인데 여기는 주차를 어디에 하나요? 전용 주차장이 있는지, 주차권을 주시는지, 주차요금은 얼마인지 등 주차 정보 좀 알려주세요.",011510,서울특별시 강남구 역삼동 , 10,2024.10.14
195,476497100,질문종각역 맛집 솔솥 종로 타워점 주차 어디에 하나요?,"종각역 맛집으로 유명한 솔솥 종로 타워점을 가보려고 하는데 여기는 주차를 어디에 해야 하나요? 전용 주차장이 있는지, 주차비 지원이 되는지 궁금합니다. 주차 정보 좀 알려주시면 감사하겠습니다.",011510,서울특별시 강남구 역삼동 , 14,2024.10.11
196,476495190,질문역삼동 고기집 역삼돈 추천 메뉴 있을까요?,"숙성육을 좋아하는 편인데, 역삼동을 대표하는 돼지 숙성 전문점이 있다고 해서 역삼돈을 방문하려고 합니다. 대표 메뉴 말고도 함께 곁들여 먹기 좋은 추천 사이드 메뉴가 있다면 추천 부탁드립니다.",011510,서울특별시 강남구 역삼동 , 15,2024.10.11
197,476415107,질문고딩 엄마 역할 해 주실 4-50대 여성분 구해요,*쓸데없는 잔소리 답변 거절합니다. 불편하면 걍 넘기세요 저는 고등학교 2학년 여학생이구요 시술받으러 갈때 엄마 역할 해 주실 분 구해요 날짜는 상의 후에 정해요 동반해서 가야하면 3만원 드리고 +버스비 전화연결로 하게되면 1만원 드려요 (전화연결은 정말 간단해서 1분도 안걸립니다.) 만약 동반으로 가야한다면 병원앞에서 만나서 들어가서 상담할때 보호자 동의만 해 주시면 (제 기본 정보먼저 숙지하시고) 제가 알아서 다하고 병원 나와서 바로 이체해드리고 헤어지면 됩니다! (30분도 안걸려요) 시술받을 병원은 역삼동이구요. 여러번 해봤습니다. 가능하신분 여기 옾챗으로 연락 주세요! 날짜랑 시간은 저랑 상의하시고 편한대로 정해요 카카오톡 오픈채팅을 시작해 보세요. 링크를 선택하면 카카오톡이 실행됩니다. 시술 https://open.kakao.com/o/sbqIXBTg,011510,서울특별시 강남구 역삼동 , 22,2024.10.09
198,476207012,질문서울역에서 강남데시앙루브오피스텔 가기,안녕하세요 태어나서 처음으로 서울갑니다  부산서 새벽기차타고 서울역 내려서 강남 데시앙루브 오피스텔 갈려구요 초행길이고 처음으로 서울갑니다 서울역내려서 강남 데시앙루브 가는길 좀 부탁드려요  자세히 가장 쉬운 방법으로 알려주시길 부탁드려요 또 시간은 얼마나 걸릴까요? 지식인 님들  조언 부탁드립니다,011510,서울특별시 강남구 역삼동 , 29,작성일2024.10.08
199,476315116,질문신논현역 양식 맛집 치스타리에 메뉴 어떤 게 맛있나요?,"신논현역 근처에서 친구들과 청첩장 모임을 가지려고 하는데, 가성비 좋고 양식 맛집으로 유명한 치스타리에로 예약하려고 합니다. 예약 방법과 메뉴 추천 부탁드립니다. 인원은 5명입니다.",011510,서울특별시 강남구 역삼동 , 14,2024.10.07
200,476308707,"질문서울 강남역,신논현역 근처 상가","서울 강남역,신논현역 근처 주변 상가들에 남녀공용화장실이 엄청 많나요?",011510,서울특별시 강남구 역삼동 , 17,2024.10.07
201,476196023,질문매봉역 코지로 맛집이라는데 추천 메뉴 있나요?,매봉역 근처에 코지로는 일본식 이자카야가 있다고 들었습니다. 나가사키 짬뽕이랑 오코노미야끼가 맛있다는데 방문해보신 분이 계시다면 그 외에도 맛있는 메뉴 추천 부탁드립니다. 그리고 혹시 판매하는 사케 종류가 어떤게 있을지 궁금합니다.,011510,서울특별시 강남구 역삼동 , 13,2024.10.04
202,476190713,질문강남초이스정형외과 역삼동 정형외과 병원 위치?,강남 초이스정형외과 역삼동 병원 위치가 어떻게 되나요? 또 도수치료나 물리치료 등의 치료 방법이나 비용 등도 함께 알려주시면 감사하겠습니다. 방문 전에 궁금한 점이 많아서 질문 드립니다. 감사합니다.,011510,서울특별시 강남구 역삼동 , 14,2024.10.04
203,476188037,질문천안 신부동에서 서울 역삼동 탑차 용달 단순운송...,천안 신부동에서 서울 역삼동 탑차 용달 단순운송 평일 저녁 견적좀 부탁드립니다.,011510,서울특별시 강남구 역삼동 , 33,2024.10.04
204,476100899,질문강변역 주변에 사시는 분들,강변역 근처에 포장마차가 있다고 들었는데 뭐 철거한다는 말이 있어서...ㅠ 확실하게 영업하거나 안하는 것에 대해서 정보 아시는분들 말씀 부탁드립니다 ㅎㅎ,011510,서울특별시 강남구 역삼동 , 18,2024.10.02
205,475997411,"질문서초역,교대역,방배역 근처 피부옴진단 피부과","서초역, 교대역, 방배역 근처에 진드기 및 피부 옴 을 진단해주는 피부과 혹시 없을까요? 대충 대충 봐주는곳말고 면밀하게 진찰해주는 피부과 추천 해주세요",011510,서울특별시 강남구 역삼동 , 29,작성일2024.10.01
206,476032174,질문신정역 1 번 출구쪽 재개발?,신정역 1벌 출구쪽 재개발 얘기가 나오던데 재개발 확정인건가요? 확정이면 보통 언제 퇴거 시작하는지 궁긍하네요,011510,서울특별시 강남구 역삼동 , 20,2024.09.30
207,476025337,질문서울 강남 선릉역에 가야하는데,지인아들 결혼식을 서울에 가야 하는데 선릉역으로 가는데 대중교통을 이용하는데 뭐가 좋은가 해서요 전철이든 버스든 관계없습니다 난 춘천역경춘선) -별내역(8호석)-잠실(2호선)-선릉역을 보았는데 누나친구가 거기는 고생한다고 하니 차라리 버스가 편하다고 하니 그리고 서울가서 환승하려고 하니 더 복잡할것 같고 그래서요 고민입니다 좋은 답변 부탁드립니다,011510,서울특별시 강남구 역삼동 , 21,2024.09.30
208,475848091,질문강남역주변 점심식사 모임장소추천요,강남역주변 쟈철역에서 도보5분-10분이내면좋겟어요 칭구들점심 먹으려하는데요 브런치카폐나 파스타맛집 이쁘고 깔금한장소 찿습니다 강남역 자주는안가지만 세세히  길을 잘사실 몰라서요 추천부탁드려요 점심먹고 이쁜카폐가서 커피한잔할거구요 이역시 sns 핫한 사진잘나오는 카폐알려주세요 강남역에서 반포 새빛둥둥섬 어떻게 가야할까요 강남역주변 즐길거리 있는지도 알고싶습니다,011510,서울특별시 강남구 역삼동 , 21,2024.09.26
209,475847158,질문강남역 근처 수육전골 어디가 맛있나요?,강남역 수육전골 맛집 추천해주세요. 친구들과 강남역에서 만나기로 했는데 최근 날씨가 선선해져서 수육전골을 먹기로 했습니다. 강남역에 수육전골 맛집이 있을까요? 분위기도 좋고 맛도 좋은 곳으로 추천해주세요.,011510,서울특별시 강남구 역삼동 , 22,2024.09.26
210,476683768,질문역삼역의 특징,은 무엇인가요,011510,서울특별시 강남구 역삼동 , 22,2024.10.17
211,476654087,질문역삼 한의원 본디 점심시간 있나요?,최근 잦은 야근으로 어깨 통증이 있어 한의원에 침을 맞으러 가려고 합니다. 12시쯤에 방문할 예정인데 역삼 한의원 본디 점심시간 있나요? 있다면 몇 시부터 몇 시까지인지 알려주세요.,011510,서울특별시 강남구 역삼동 , 10,2024.10.15
212,476609135,질문강남 묻지마 살인사건,8년전에 신논현역 주변 오래된 상가외부 남녀공용화장실에서 묻지마 살인사건이 일어났었잖아요? 혹시 8년이 지난 현재에도 신논현역 근처 오래된 상가외부에 남녀공용화장실이 많이 남아있나요?,011510,서울특별시 강남구 역삼동 , 18,2024.10.14
213,476604003,질문서울 파스타 맛집 치스타리에 강남역점 주차장 있나요?,"서울 파스타 맛집 치스타리에 강남역점에서 식사를 할 예정인데 여기는 주차를 어디에 하나요? 전용 주차장이 있는지, 주차권을 주시는지, 주차요금은 얼마인지 등 주차 정보 좀 알려주세요.",011510,서울특별시 강남구 역삼동 , 11,2024.10.14
214,476603957,질문강남 한정식 역삼역 다온정 주차 어디에 하나요?,"강남에 있는 한정식집 역삼역 다온정에서 식사를 할 예정인데 여기는 주차를 어디에 하나요? 전용 주차장이 있는지, 주차권을 주시는지, 주차요금은 얼마인지 등 주차 정보 좀 알려주세요.",011510,서울특별시 강남구 역삼동 , 10,2024.10.14
215,476497100,질문종각역 맛집 솔솥 종로 타워점 주차 어디에 하나요?,"종각역 맛집으로 유명한 솔솥 종로 타워점을 가보려고 하는데 여기는 주차를 어디에 해야 하나요? 전용 주차장이 있는지, 주차비 지원이 되는지 궁금합니다. 주차 정보 좀 알려주시면 감사하겠습니다.",011510,서울특별시 강남구 역삼동 , 14,2024.10.11
216,476495190,질문역삼동 고기집 역삼돈 추천 메뉴 있을까요?,"숙성육을 좋아하는 편인데, 역삼동을 대표하는 돼지 숙성 전문점이 있다고 해서 역삼돈을 방문하려고 합니다. 대표 메뉴 말고도 함께 곁들여 먹기 좋은 추천 사이드 메뉴가 있다면 추천 부탁드립니다.",011510,서울특별시 강남구 역삼동 , 15,2024.10.11
217,476415107,질문고딩 엄마 역할 해 주실 4-50대 여성분 구해요,*쓸데없는 잔소리 답변 거절합니다. 불편하면 걍 넘기세요 저는 고등학교 2학년 여학생이구요 시술받으러 갈때 엄마 역할 해 주실 분 구해요 날짜는 상의 후에 정해요 동반해서 가야하면 3만원 드리고 +버스비 전화연결로 하게되면 1만원 드려요 (전화연결은 정말 간단해서 1분도 안걸립니다.) 만약 동반으로 가야한다면 병원앞에서 만나서 들어가서 상담할때 보호자 동의만 해 주시면 (제 기본 정보먼저 숙지하시고) 제가 알아서 다하고 병원 나와서 바로 이체해드리고 헤어지면 됩니다! (30분도 안걸려요) 시술받을 병원은 역삼동이구요. 여러번 해봤습니다. 가능하신분 여기 옾챗으로 연락 주세요! 날짜랑 시간은 저랑 상의하시고 편한대로 정해요 카카오톡 오픈채팅을 시작해 보세요. 링크를 선택하면 카카오톡이 실행됩니다. 시술 https://open.kakao.com/o/sbqIXBTg,011510,서울특별시 강남구 역삼동 , 22,2024.10.09
218,476207012,질문서울역에서 강남데시앙루브오피스텔 가기,안녕하세요 태어나서 처음으로 서울갑니다  부산서 새벽기차타고 서울역 내려서 강남 데시앙루브 오피스텔 갈려구요 초행길이고 처음으로 서울갑니다 서울역내려서 강남 데시앙루브 가는길 좀 부탁드려요  자세히 가장 쉬운 방법으로 알려주시길 부탁드려요 또 시간은 얼마나 걸릴까요? 지식인 님들  조언 부탁드립니다,011510,서울특별시 강남구 역삼동 , 29,작성일2024.10.08
219,476315116,질문신논현역 양식 맛집 치스타리에 메뉴 어떤 게 맛있나요?,"신논현역 근처에서 친구들과 청첩장 모임을 가지려고 하는데, 가성비 좋고 양식 맛집으로 유명한 치스타리에로 예약하려고 합니다. 예약 방법과 메뉴 추천 부탁드립니다. 인원은 5명입니다.",011510,서울특별시 강남구 역삼동 , 14,2024.10.07
220,476308707,"질문서울 강남역,신논현역 근처 상가","서울 강남역,신논현역 근처 주변 상가들에 남녀공용화장실이 엄청 많나요?",011510,서울특별시 강남구 역삼동 , 17,2024.10.07
221,476196023,질문매봉역 코지로 맛집이라는데 추천 메뉴 있나요?,매봉역 근처에 코지로는 일본식 이자카야가 있다고 들었습니다. 나가사키 짬뽕이랑 오코노미야끼가 맛있다는데 방문해보신 분이 계시다면 그 외에도 맛있는 메뉴 추천 부탁드립니다. 그리고 혹시 판매하는 사케 종류가 어떤게 있을지 궁금합니다.,011510,서울특별시 강남구 역삼동 , 13,2024.10.04
222,476190713,질문강남초이스정형외과 역삼동 정형외과 병원 위치?,강남 초이스정형외과 역삼동 병원 위치가 어떻게 되나요? 또 도수치료나 물리치료 등의 치료 방법이나 비용 등도 함께 알려주시면 감사하겠습니다. 방문 전에 궁금한 점이 많아서 질문 드립니다. 감사합니다.,011510,서울특별시 강남구 역삼동 , 14,2024.10.04
223,476188037,질문천안 신부동에서 서울 역삼동 탑차 용달 단순운송...,천안 신부동에서 서울 역삼동 탑차 용달 단순운송 평일 저녁 견적좀 부탁드립니다.,011510,서울특별시 강남구 역삼동 , 33,2024.10.04
224,476100899,질문강변역 주변에 사시는 분들,강변역 근처에 포장마차가 있다고 들었는데 뭐 철거한다는 말이 있어서...ㅠ 확실하게 영업하거나 안하는 것에 대해서 정보 아시는분들 말씀 부탁드립니다 ㅎㅎ,011510,서울특별시 강남구 역삼동 , 18,2024.10.02
225,475997411,"질문서초역,교대역,방배역 근처 피부옴진단 피부과","서초역, 교대역, 방배역 근처에 진드기 및 피부 옴 을 진단해주는 피부과 혹시 없을까요? 대충 대충 봐주는곳말고 면밀하게 진찰해주는 피부과 추천 해주세요",011510,서울특별시 강남구 역삼동 , 29,작성일2024.10.01
226,476032174,질문신정역 1 번 출구쪽 재개발?,신정역 1벌 출구쪽 재개발 얘기가 나오던데 재개발 확정인건가요? 확정이면 보통 언제 퇴거 시작하는지 궁긍하네요,011510,서울특별시 강남구 역삼동 , 20,2024.09.30
227,476025337,질문서울 강남 선릉역에 가야하는데,지인아들 결혼식을 서울에 가야 하는데 선릉역으로 가는데 대중교통을 이용하는데 뭐가 좋은가 해서요 전철이든 버스든 관계없습니다 난 춘천역경춘선) -별내역(8호석)-잠실(2호선)-선릉역을 보았는데 누나친구가 거기는 고생한다고 하니 차라리 버스가 편하다고 하니 그리고 서울가서 환승하려고 하니 더 복잡할것 같고 그래서요 고민입니다 좋은 답변 부탁드립니다,011510,서울특별시 강남구 역삼동 , 21,2024.09.30
228,475848091,질문강남역주변 점심식사 모임장소추천요,강남역주변 쟈철역에서 도보5분-10분이내면좋겟어요 칭구들점심 먹으려하는데요 브런치카폐나 파스타맛집 이쁘고 깔금한장소 찿습니다 강남역 자주는안가지만 세세히  길을 잘사실 몰라서요 추천부탁드려요 점심먹고 이쁜카폐가서 커피한잔할거구요 이역시 sns 핫한 사진잘나오는 카폐알려주세요 강남역에서 반포 새빛둥둥섬 어떻게 가야할까요 강남역주변 즐길거리 있는지도 알고싶습니다,011510,서울특별시 강남구 역삼동 , 21,2024.09.26
229,475847158,질문강남역 근처 수육전골 어디가 맛있나요?,강남역 수육전골 맛집 추천해주세요. 친구들과 강남역에서 만나기로 했는데 최근 날씨가 선선해져서 수육전골을 먹기로 했습니다. 강남역에 수육전골 맛집이 있을까요? 분위기도 좋고 맛도 좋은 곳으로 추천해주세요.,011510,서울특별시 강남구 역삼동 , 22,2024.09.26
230,476683768,질문역삼역의 특징,은 무엇인가요,011510,서울특별시 강남구 역삼동 , 22,2024.10.17
231,476654087,질문역삼 한의원 본디 점심시간 있나요?,최근 잦은 야근으로 어깨 통증이 있어 한의원에 침을 맞으러 가려고 합니다. 12시쯤에 방문할 예정인데 역삼 한의원 본디 점심시간 있나요? 있다면 몇 시부터 몇 시까지인지 알려주세요.,011510,서울특별시 강남구 역삼동 , 10,2024.10.15
232,476609135,질문강남 묻지마 살인사건,8년전에 신논현역 주변 오래된 상가외부 남녀공용화장실에서 묻지마 살인사건이 일어났었잖아요? 혹시 8년이 지난 현재에도 신논현역 근처 오래된 상가외부에 남녀공용화장실이 많이 남아있나요?,011510,서울특별시 강남구 역삼동 , 18,2024.10.14
233,476604003,질문서울 파스타 맛집 치스타리에 강남역점 주차장 있나요?,"서울 파스타 맛집 치스타리에 강남역점에서 식사를 할 예정인데 여기는 주차를 어디에 하나요? 전용 주차장이 있는지, 주차권을 주시는지, 주차요금은 얼마인지 등 주차 정보 좀 알려주세요.",011510,서울특별시 강남구 역삼동 , 11,2024.10.14
234,476603957,질문강남 한정식 역삼역 다온정 주차 어디에 하나요?,"강남에 있는 한정식집 역삼역 다온정에서 식사를 할 예정인데 여기는 주차를 어디에 하나요? 전용 주차장이 있는지, 주차권을 주시는지, 주차요금은 얼마인지 등 주차 정보 좀 알려주세요.",011510,서울특별시 강남구 역삼동 , 10,2024.10.14
235,476497100,질문종각역 맛집 솔솥 종로 타워점 주차 어디에 하나요?,"종각역 맛집으로 유명한 솔솥 종로 타워점을 가보려고 하는데 여기는 주차를 어디에 해야 하나요? 전용 주차장이 있는지, 주차비 지원이 되는지 궁금합니다. 주차 정보 좀 알려주시면 감사하겠습니다.",011510,서울특별시 강남구 역삼동 , 14,2024.10.11
236,476495190,질문역삼동 고기집 역삼돈 추천 메뉴 있을까요?,"숙성육을 좋아하는 편인데, 역삼동을 대표하는 돼지 숙성 전문점이 있다고 해서 역삼돈을 방문하려고 합니다. 대표 메뉴 말고도 함께 곁들여 먹기 좋은 추천 사이드 메뉴가 있다면 추천 부탁드립니다.",011510,서울특별시 강남구 역삼동 , 15,2024.10.11
237,476415107,질문고딩 엄마 역할 해 주실 4-50대 여성분 구해요,*쓸데없는 잔소리 답변 거절합니다. 불편하면 걍 넘기세요 저는 고등학교 2학년 여학생이구요 시술받으러 갈때 엄마 역할 해 주실 분 구해요 날짜는 상의 후에 정해요 동반해서 가야하면 3만원 드리고 +버스비 전화연결로 하게되면 1만원 드려요 (전화연결은 정말 간단해서 1분도 안걸립니다.) 만약 동반으로 가야한다면 병원앞에서 만나서 들어가서 상담할때 보호자 동의만 해 주시면 (제 기본 정보먼저 숙지하시고) 제가 알아서 다하고 병원 나와서 바로 이체해드리고 헤어지면 됩니다! (30분도 안걸려요) 시술받을 병원은 역삼동이구요. 여러번 해봤습니다. 가능하신분 여기 옾챗으로 연락 주세요! 날짜랑 시간은 저랑 상의하시고 편한대로 정해요 카카오톡 오픈채팅을 시작해 보세요. 링크를 선택하면 카카오톡이 실행됩니다. 시술 https://open.kakao.com/o/sbqIXBTg,011510,서울특별시 강남구 역삼동 , 22,2024.10.09
238,476207012,질문서울역에서 강남데시앙루브오피스텔 가기,안녕하세요 태어나서 처음으로 서울갑니다  부산서 새벽기차타고 서울역 내려서 강남 데시앙루브 오피스텔 갈려구요 초행길이고 처음으로 서울갑니다 서울역내려서 강남 데시앙루브 가는길 좀 부탁드려요  자세히 가장 쉬운 방법으로 알려주시길 부탁드려요 또 시간은 얼마나 걸릴까요? 지식인 님들  조언 부탁드립니다,011510,서울특별시 강남구 역삼동 , 29,작성일2024.10.08
239,476315116,질문신논현역 양식 맛집 치스타리에 메뉴 어떤 게 맛있나요?,"신논현역 근처에서 친구들과 청첩장 모임을 가지려고 하는데, 가성비 좋고 양식 맛집으로 유명한 치스타리에로 예약하려고 합니다. 예약 방법과 메뉴 추천 부탁드립니다. 인원은 5명입니다.",011510,서울특별시 강남구 역삼동 , 14,2024.10.07
240,476308707,"질문서울 강남역,신논현역 근처 상가","서울 강남역,신논현역 근처 주변 상가들에 남녀공용화장실이 엄청 많나요?",011510,서울특별시 강남구 역삼동 , 17,2024.10.07
241,476196023,질문매봉역 코지로 맛집이라는데 추천 메뉴 있나요?,매봉역 근처에 코지로는 일본식 이자카야가 있다고 들었습니다. 나가사키 짬뽕이랑 오코노미야끼가 맛있다는데 방문해보신 분이 계시다면 그 외에도 맛있는 메뉴 추천 부탁드립니다. 그리고 혹시 판매하는 사케 종류가 어떤게 있을지 궁금합니다.,011510,서울특별시 강남구 역삼동 , 13,2024.10.04
242,476190713,질문강남초이스정형외과 역삼동 정형외과 병원 위치?,강남 초이스정형외과 역삼동 병원 위치가 어떻게 되나요? 또 도수치료나 물리치료 등의 치료 방법이나 비용 등도 함께 알려주시면 감사하겠습니다. 방문 전에 궁금한 점이 많아서 질문 드립니다. 감사합니다.,011510,서울특별시 강남구 역삼동 , 14,2024.10.04
243,476188037,질문천안 신부동에서 서울 역삼동 탑차 용달 단순운송...,천안 신부동에서 서울 역삼동 탑차 용달 단순운송 평일 저녁 견적좀 부탁드립니다.,011510,서울특별시 강남구 역삼동 , 33,2024.10.04
244,476100899,질문강변역 주변에 사시는 분들,강변역 근처에 포장마차가 있다고 들었는데 뭐 철거한다는 말이 있어서...ㅠ 확실하게 영업하거나 안하는 것에 대해서 정보 아시는분들 말씀 부탁드립니다 ㅎㅎ,011510,서울특별시 강남구 역삼동 , 18,2024.10.02
245,475997411,"질문서초역,교대역,방배역 근처 피부옴진단 피부과","서초역, 교대역, 방배역 근처에 진드기 및 피부 옴 을 진단해주는 피부과 혹시 없을까요? 대충 대충 봐주는곳말고 면밀하게 진찰해주는 피부과 추천 해주세요",011510,서울특별시 강남구 역삼동 , 29,작성일2024.10.01
246,476032174,질문신정역 1 번 출구쪽 재개발?,신정역 1벌 출구쪽 재개발 얘기가 나오던데 재개발 확정인건가요? 확정이면 보통 언제 퇴거 시작하는지 궁긍하네요,011510,서울특별시 강남구 역삼동 , 20,2024.09.30
247,476025337,질문서울 강남 선릉역에 가야하는데,지인아들 결혼식을 서울에 가야 하는데 선릉역으로 가는데 대중교통을 이용하는데 뭐가 좋은가 해서요 전철이든 버스든 관계없습니다 난 춘천역경춘선) -별내역(8호석)-잠실(2호선)-선릉역을 보았는데 누나친구가 거기는 고생한다고 하니 차라리 버스가 편하다고 하니 그리고 서울가서 환승하려고 하니 더 복잡할것 같고 그래서요 고민입니다 좋은 답변 부탁드립니다,011510,서울특별시 강남구 역삼동 , 21,2024.09.30
248,475848091,질문강남역주변 점심식사 모임장소추천요,강남역주변 쟈철역에서 도보5분-10분이내면좋겟어요 칭구들점심 먹으려하는데요 브런치카폐나 파스타맛집 이쁘고 깔금한장소 찿습니다 강남역 자주는안가지만 세세히  길을 잘사실 몰라서요 추천부탁드려요 점심먹고 이쁜카폐가서 커피한잔할거구요 이역시 sns 핫한 사진잘나오는 카폐알려주세요 강남역에서 반포 새빛둥둥섬 어떻게 가야할까요 강남역주변 즐길거리 있는지도 알고싶습니다,011510,서울특별시 강남구 역삼동 , 21,2024.09.26
249,475847158,질문강남역 근처 수육전골 어디가 맛있나요?,강남역 수육전골 맛집 추천해주세요. 친구들과 강남역에서 만나기로 했는데 최근 날씨가 선선해져서 수육전골을 먹기로 했습니다. 강남역에 수육전골 맛집이 있을까요? 분위기도 좋고 맛도 좋은 곳으로 추천해주세요.,011510,서울특별시 강남구 역삼동 , 22,2024.09.26
250,476683768,질문역삼역의 특징,은 무엇인가요,011510,서울특별시 강남구 역삼동 , 22,2024.10.17
251,476654087,질문역삼 한의원 본디 점심시간 있나요?,최근 잦은 야근으로 어깨 통증이 있어 한의원에 침을 맞으러 가려고 합니다. 12시쯤에 방문할 예정인데 역삼 한의원 본디 점심시간 있나요? 있다면 몇 시부터 몇 시까지인지 알려주세요.,011510,서울특별시 강남구 역삼동 , 10,2024.10.15
252,476609135,질문강남 묻지마 살인사건,8년전에 신논현역 주변 오래된 상가외부 남녀공용화장실에서 묻지마 살인사건이 일어났었잖아요? 혹시 8년이 지난 현재에도 신논현역 근처 오래된 상가외부에 남녀공용화장실이 많이 남아있나요?,011510,서울특별시 강남구 역삼동 , 18,2024.10.14
253,476604003,질문서울 파스타 맛집 치스타리에 강남역점 주차장 있나요?,"서울 파스타 맛집 치스타리에 강남역점에서 식사를 할 예정인데 여기는 주차를 어디에 하나요? 전용 주차장이 있는지, 주차권을 주시는지, 주차요금은 얼마인지 등 주차 정보 좀 알려주세요.",011510,서울특별시 강남구 역삼동 , 11,2024.10.14
254,476603957,질문강남 한정식 역삼역 다온정 주차 어디에 하나요?,"강남에 있는 한정식집 역삼역 다온정에서 식사를 할 예정인데 여기는 주차를 어디에 하나요? 전용 주차장이 있는지, 주차권을 주시는지, 주차요금은 얼마인지 등 주차 정보 좀 알려주세요.",011510,서울특별시 강남구 역삼동 , 10,2024.10.14
255,476497100,질문종각역 맛집 솔솥 종로 타워점 주차 어디에 하나요?,"종각역 맛집으로 유명한 솔솥 종로 타워점을 가보려고 하는데 여기는 주차를 어디에 해야 하나요? 전용 주차장이 있는지, 주차비 지원이 되는지 궁금합니다. 주차 정보 좀 알려주시면 감사하겠습니다.",011510,서울특별시 강남구 역삼동 , 14,2024.10.11
256,476495190,질문역삼동 고기집 역삼돈 추천 메뉴 있을까요?,"숙성육을 좋아하는 편인데, 역삼동을 대표하는 돼지 숙성 전문점이 있다고 해서 역삼돈을 방문하려고 합니다. 대표 메뉴 말고도 함께 곁들여 먹기 좋은 추천 사이드 메뉴가 있다면 추천 부탁드립니다.",011510,서울특별시 강남구 역삼동 , 15,2024.10.11
257,476415107,질문고딩 엄마 역할 해 주실 4-50대 여성분 구해요,*쓸데없는 잔소리 답변 거절합니다. 불편하면 걍 넘기세요 저는 고등학교 2학년 여학생이구요 시술받으러 갈때 엄마 역할 해 주실 분 구해요 날짜는 상의 후에 정해요 동반해서 가야하면 3만원 드리고 +버스비 전화연결로 하게되면 1만원 드려요 (전화연결은 정말 간단해서 1분도 안걸립니다.) 만약 동반으로 가야한다면 병원앞에서 만나서 들어가서 상담할때 보호자 동의만 해 주시면 (제 기본 정보먼저 숙지하시고) 제가 알아서 다하고 병원 나와서 바로 이체해드리고 헤어지면 됩니다! (30분도 안걸려요) 시술받을 병원은 역삼동이구요. 여러번 해봤습니다. 가능하신분 여기 옾챗으로 연락 주세요! 날짜랑 시간은 저랑 상의하시고 편한대로 정해요 카카오톡 오픈채팅을 시작해 보세요. 링크를 선택하면 카카오톡이 실행됩니다. 시술 https://open.kakao.com/o/sbqIXBTg,011510,서울특별시 강남구 역삼동 , 22,2024.10.09
258,476207012,질문서울역에서 강남데시앙루브오피스텔 가기,안녕하세요 태어나서 처음으로 서울갑니다  부산서 새벽기차타고 서울역 내려서 강남 데시앙루브 오피스텔 갈려구요 초행길이고 처음으로 서울갑니다 서울역내려서 강남 데시앙루브 가는길 좀 부탁드려요  자세히 가장 쉬운 방법으로 알려주시길 부탁드려요 또 시간은 얼마나 걸릴까요? 지식인 님들  조언 부탁드립니다,011510,서울특별시 강남구 역삼동 , 29,작성일2024.10.08
259,476315116,질문신논현역 양식 맛집 치스타리에 메뉴 어떤 게 맛있나요?,"신논현역 근처에서 친구들과 청첩장 모임을 가지려고 하는데, 가성비 좋고 양식 맛집으로 유명한 치스타리에로 예약하려고 합니다. 예약 방법과 메뉴 추천 부탁드립니다. 인원은 5명입니다.",011510,서울특별시 강남구 역삼동 , 14,2024.10.07
260,476308707,"질문서울 강남역,신논현역 근처 상가","서울 강남역,신논현역 근처 주변 상가들에 남녀공용화장실이 엄청 많나요?",011510,서울특별시 강남구 역삼동 , 17,2024.10.07
261,476196023,질문매봉역 코지로 맛집이라는데 추천 메뉴 있나요?,매봉역 근처에 코지로는 일본식 이자카야가 있다고 들었습니다. 나가사키 짬뽕이랑 오코노미야끼가 맛있다는데 방문해보신 분이 계시다면 그 외에도 맛있는 메뉴 추천 부탁드립니다. 그리고 혹시 판매하는 사케 종류가 어떤게 있을지 궁금합니다.,011510,서울특별시 강남구 역삼동 , 13,2024.10.04
262,476190713,질문강남초이스정형외과 역삼동 정형외과 병원 위치?,강남 초이스정형외과 역삼동 병원 위치가 어떻게 되나요? 또 도수치료나 물리치료 등의 치료 방법이나 비용 등도 함께 알려주시면 감사하겠습니다. 방문 전에 궁금한 점이 많아서 질문 드립니다. 감사합니다.,011510,서울특별시 강남구 역삼동 , 14,2024.10.04
263,476188037,질문천안 신부동에서 서울 역삼동 탑차 용달 단순운송...,천안 신부동에서 서울 역삼동 탑차 용달 단순운송 평일 저녁 견적좀 부탁드립니다.,011510,서울특별시 강남구 역삼동 , 34,2024.10.04
264,476100899,질문강변역 주변에 사시는 분들,강변역 근처에 포장마차가 있다고 들었는데 뭐 철거한다는 말이 있어서...ㅠ 확실하게 영업하거나 안하는 것에 대해서 정보 아시는분들 말씀 부탁드립니다 ㅎㅎ,011510,서울특별시 강남구 역삼동 , 18,2024.10.02
265,475997411,"질문서초역,교대역,방배역 근처 피부옴진단 피부과","서초역, 교대역, 방배역 근처에 진드기 및 피부 옴 을 진단해주는 피부과 혹시 없을까요? 대충 대충 봐주는곳말고 면밀하게 진찰해주는 피부과 추천 해주세요",011510,서울특별시 강남구 역삼동 , 29,작성일2024.10.01
266,476032174,질문신정역 1 번 출구쪽 재개발?,신정역 1벌 출구쪽 재개발 얘기가 나오던데 재개발 확정인건가요? 확정이면 보통 언제 퇴거 시작하는지 궁긍하네요,011510,서울특별시 강남구 역삼동 , 20,2024.09.30
267,476025337,질문서울 강남 선릉역에 가야하는데,지인아들 결혼식을 서울에 가야 하는데 선릉역으로 가는데 대중교통을 이용하는데 뭐가 좋은가 해서요 전철이든 버스든 관계없습니다 난 춘천역경춘선) -별내역(8호석)-잠실(2호선)-선릉역을 보았는데 누나친구가 거기는 고생한다고 하니 차라리 버스가 편하다고 하니 그리고 서울가서 환승하려고 하니 더 복잡할것 같고 그래서요 고민입니다 좋은 답변 부탁드립니다,011510,서울특별시 강남구 역삼동 , 21,2024.09.30
268,475848091,질문강남역주변 점심식사 모임장소추천요,강남역주변 쟈철역에서 도보5분-10분이내면좋겟어요 칭구들점심 먹으려하는데요 브런치카폐나 파스타맛집 이쁘고 깔금한장소 찿습니다 강남역 자주는안가지만 세세히  길을 잘사실 몰라서요 추천부탁드려요 점심먹고 이쁜카폐가서 커피한잔할거구요 이역시 sns 핫한 사진잘나오는 카폐알려주세요 강남역에서 반포 새빛둥둥섬 어떻게 가야할까요 강남역주변 즐길거리 있는지도 알고싶습니다,011510,서울특별시 강남구 역삼동 , 21,2024.09.26
269,475847158,질문강남역 근처 수육전골 어디가 맛있나요?,강남역 수육전골 맛집 추천해주세요. 친구들과 강남역에서 만나기로 했는데 최근 날씨가 선선해져서 수육전골을 먹기로 했습니다. 강남역에 수육전골 맛집이 있을까요? 분위기도 좋고 맛도 좋은 곳으로 추천해주세요.,011510,서울특별시 강남구 역삼동 , 22,2024.09.26
